<?xml version="1.0" encoding="utf-8"?>
<COLLADA xmlns="http://www.collada.org/2005/11/COLLADASchema" version="1.4.1">
  <asset />
  <library_images>
    <image id="SkateShoes00_alb.00">
      <init_from>SkateShoes00_alb.00.png</init_from>
    </image>
    <image id="SkateShoes00_spc">
      <init_from>SkateShoes00_spc.png</init_from>
    </image>
    <image id="SkateShoes01">
      <init_from>SkateShoes01.png</init_from>
    </image>
    <image id="SkateShoes01_spc">
      <init_from>SkateShoes01_spc.png</init_from>
    </image>
  </library_images>
  <library_materials>
    <material id="SkateShoesMat00">
      <instance_effect url="#Effect_SkateShoesMat00" />
    </material>
    <material id="SkateShoesMat01">
      <instance_effect url="#Effect_SkateShoesMat01" />
    </material>
  </library_materials>
  <library_effects>
    <effect id="Effect_SkateShoesMat00">
      <profile_COMMON>
        <newparam sid="surface_SkateShoesMat00-diffuse">
          <surface type="2D">
            <init_from>SkateShoes00_alb.00</init_from>
            <format>A8R8G8B8</format>
          </surface>
        </newparam>
        <newparam sid="sampler_SkateShoesMat00-diffuse">
          <sampler2D>
            <source>surface_SkateShoesMat00-diffuse</source>
            <wrap_s>MIRROR</wrap_s>
            <wrap_t>MIRROR</wrap_t>
          </sampler2D>
        </newparam>
        <technique sid="common">
          <phong>
            <diffuse>
              <texture texture="sampler_SkateShoesMat00-diffuse" texcoord="CHANNEL0" />
            </diffuse>
            <emission>
              <color sid="emission">0 0 0 1</color>
            </emission>
            <specular>
              <color sid="specular">0 0 0 1</color>
            </specular>
          </phong>
        </technique>
      </profile_COMMON>
    </effect>
    <effect id="Effect_SkateShoesMat01">
      <profile_COMMON>
        <newparam sid="surface_SkateShoesMat01-diffuse">
          <surface type="2D">
            <init_from>SkateShoes01</init_from>
            <format>A8R8G8B8</format>
          </surface>
        </newparam>
        <newparam sid="sampler_SkateShoesMat01-diffuse">
          <sampler2D>
            <source>surface_SkateShoesMat01-diffuse</source>
            <wrap_s>WRAP</wrap_s>
            <wrap_t>WRAP</wrap_t>
          </sampler2D>
        </newparam>
        <technique sid="common">
          <phong>
            <diffuse>
              <texture texture="sampler_SkateShoesMat01-diffuse" texcoord="CHANNEL0" />
            </diffuse>
            <emission>
              <color sid="emission">0 0 0 1</color>
            </emission>
            <specular>
              <color sid="specular">0 0 0 1</color>
            </specular>
          </phong>
        </technique>
      </profile_COMMON>
    </effect>
  </library_effects>
  <library_geometries>
    <geometry id="SkateShoes__SkateShoesMat00-mesh" name="SkateShoes__SkateShoesMat00">
      <mesh>
        <source id="SkateShoes__SkateShoesMat00-position">
          <float_array id="SkateShoes__SkateShoesMat00-position-array" count="2499">0 101.3738 -5.034902 37.56258 101.3738 7.06245 37.62644 101.3738 -15.29498 23.21497 101.3738 -33.525 0 101.3738 -40.7207 0 101.3738 32.05882 23.21495 101.3738 25.14999 -37.62644 101.3738 -15.29498 -37.56258 101.3738 7.06245 -23.21497 101.3738 -33.525 -23.21495 101.3738 25.14999 0.1445977 121.8622 -46.49327 22.47116 121.8622 -39.23894 36.26973 121.8622 -20.24683 22.47115 121.8622 22.2208 36.26972 121.8622 3.228698 -35.98054 121.8622 -20.24683 -22.18196 121.8622 -39.23894 -35.98052 121.8622 3.228698 -22.18195 121.8622 22.2208 36.7461 126.4066 -8.529893 29.76011 126.4066 12.97078 34.95579 126.4066 2.773669 -36.41214 126.4066 -8.529893 -29.42617 126.4066 -30.03056 -34.62185 126.4066 -19.83347 -11.1366 126.4066 -43.31871 -21.3337 126.4066 -38.12304 0.1445977 121.8622 29.47513 37.67423 130.5806 -8.529889 35.8385 130.5806 3.060488 -21.87925 130.5806 -38.87392 -30.17705 130.5806 -30.57611 -35.50456 130.5806 -20.12027 11.47055 126.4066 -43.31871 0.1669782 126.4066 -45.10902 -11.42341 130.5806 -44.20143 11.47055 126.4066 26.25892 21.66764 126.4066 21.06323 -12.13225 134.1368 -46.31194 -23.21155 134.1368 -40.66677 -32.00414 134.1368 -31.87417 29.76012 126.4066 -30.03056 21.66766 126.4066 -38.12304 0.1669782 130.5806 -46.03716 30.51098 130.5806 13.51632 22.21319 130.5806 21.81412 -13.04651 136.5711 -48.95322 -24.91174 136.5711 -42.90759 34.95581 126.4066 -19.83347 11.75736 130.5806 -44.20143 22.2132 130.5806 -38.87392 39.89298 134.1368 -8.513386 37.94778 134.1368 3.768103 35.83852 130.5806 -20.12027 30.51101 130.5806 -30.57611 0.1492439 134.1368 -48.25715 37.94781 134.1368 -20.79489 40.5861 136.5711 -21.62604 42.66925 136.5711 -8.473331 40.58607 136.5711 4.679376 32.3026 134.1368 14.84739 32.30262 134.1368 -31.87417 0.1062052 136.5711 -51.0364 34.54046 136.5711 -33.49127 43.71466 137.473 -22.61792 45.96092 137.473 -8.435458 25.12415 136.5711 -42.90759 23.51004 134.1368 -40.66677 12.43074 134.1368 -46.31194 0.06551416 137.473 -54.33087 -14.11695 137.473 -52.08461 23.51003 134.1368 23.63997 11.75736 130.5806 27.14163 13.25892 136.5711 -48.95322 -26.91114 137.473 -45.56564 -34.32805 136.5711 -33.49127 34.54044 136.5711 16.54461 0.1669782 126.4066 28.04923 14.24798 137.473 -52.08461 -37.64932 134.1368 -20.79489 43.71464 137.473 5.746997 -11.13659 126.4066 26.25892 0.02604383 136.6614 -57.55196 15.21523 136.6614 -55.14624 27.04217 137.473 -45.56564 -37.34027 130.5806 -8.529889 46.77357 136.6614 -23.58791 49.17926 136.6614 -8.398725 0.001641295 134.2352 -60.60421 -15.16315 136.6614 -55.14624 28.9176 136.6614 -48.16454 37.1957 137.473 -35.41211 -34.62183 126.4066 2.773669 39.79186 136.6614 -37.29028 -16.13776 134.2352 -58.04799 -28.86551 136.6614 -48.16454 -37.06467 137.473 -35.41211 16.14104 134.2352 -58.04799 30.70061 134.2352 -50.62952 -35.50454 130.5806 3.060488 -29.42615 126.4066 12.97078 42.25515 134.2352 -39.07498 -40.37369 136.5711 -21.62604 16.87466 130.6019 -60.30935 32.09752 130.6019 -52.55293 -39.59449 134.1368 -8.513386 -30.17702 130.5806 13.51632 -21.33369 126.4066 21.06323 49.67362 134.2352 -24.51541 0 130.6019 -62.98204 -42.45684 136.5711 -8.473331 -37.64929 134.1368 3.768103 -21.87923 130.5806 21.81412 -11.4234 130.5806 27.14163 0 126.3172 -63.82624 -16.87466 130.6019 -60.30935 -30.69733 134.2352 -50.62952 -32.00412 134.1368 14.84739 -23.21154 134.1368 23.63997 -12.13225 134.1368 29.28516 0.1669782 130.5806 28.97737 17.13554 126.3172 -61.11224 -39.73977 136.6614 -37.29028 -40.37366 136.5711 4.679376 -34.32803 136.5711 16.54461 -24.91173 136.5711 25.9609 12.43073 134.1368 29.28516 0.1492439 134.1368 31.23036 32.59373 126.3172 -53.2359 44.17845 130.6019 -40.47201 -43.58363 137.473 -22.61792 25.12414 136.5711 25.9609 13.25891 136.5711 32.00654 0.1062052 136.5711 34.08973 -13.0465 136.5711 32.00654 -46.72148 136.6614 -23.58791 -45.82989 137.473 -8.435458 27.04215 137.473 28.6947 14.24797 137.473 35.21367 -26.91113 137.473 28.6947 -14.11695 137.473 35.21367 37.19567 137.473 18.54118 -42.25187 134.2352 -39.07498 -43.58361 137.473 5.746997 -37.06464 137.473 18.54118 -39.73975 136.6614 20.49281 -28.86549 136.6614 31.36707 46.77353 136.6614 6.790457 -32.09752 130.6019 -52.55293 -49.12718 136.6614 -8.398725 -46.72144 136.6614 6.790457 -49.6703 134.2352 7.763382 -42.39532 134.2429 22.42457 52.22981 134.2352 -8.376013 39.79184 136.6614 20.49281 28.91758 136.6614 31.36707 -52.22653 134.2352 -8.376013 -49.67034 134.2352 -24.51541 51.93489 130.6019 -25.24915 49.67359 134.2352 7.763382 42.25512 134.2352 22.32294 30.70059 134.2352 33.87748 15.21522 136.6614 38.34877 0.06551416 137.473 37.45995 44.86143 126.3172 -40.96821 54.60754 130.6019 -8.37448 51.93485 130.6019 8.500175 44.17842 130.6019 23.72302 16.14103 134.2352 41.29594 0.02604383 136.6614 40.7545 -15.16314 136.6614 38.34877 -44.17845 130.6019 -40.47201 55.45173 126.3172 -8.374483 52.73774 126.3172 8.761046 0.001641295 134.3151 43.85217 -16.13775 134.2352 41.29594 -30.79278 134.2425 34.01429 -17.13554 126.3172 -61.11224 -32.59373 126.3172 -53.2359 -51.93489 130.6019 -25.24915 52.73776 126.3172 -25.51002 -44.73264 130.6189 24.11605 -32.47554 130.6184 36.34465 -54.60754 130.6019 -8.37448 51.93489 122.0325 -25.24915 44.17845 122.0325 -40.47201 32.09752 122.0325 -52.55293 -51.93485 130.6019 8.500175 0 122.0325 -62.98204 54.60754 122.0325 -8.374482 50.21298 118.4002 -24.50624 42.71371 118.4002 -39.05892 31.03333 118.4002 -50.60798 16.87466 122.0325 -60.30935 16.31518 118.4002 -58.02292 0 118.4002 -60.57795 -16.87466 122.0325 -60.30935 52.79702 118.4002 -8.374483 51.93485 122.0325 8.500174 44.86139 126.3172 24.21923 15.37367 115.9731 -54.60106 29.24247 115.9731 -47.69716 0 115.9731 -56.97998 -16.31518 118.4002 -58.02292 -32.09752 122.0325 -52.55293 -44.86143 126.3172 -40.96821 50.21295 118.4002 7.757269 44.17842 122.0325 23.72302 32.0975 130.6019 35.80394 -15.37367 115.9731 -54.60106 -31.03333 118.4002 -50.60798 -44.17845 122.0325 -40.47201 -52.73776 126.3172 -25.51002 42.71369 118.4002 22.30993 32.0975 122.0325 35.80394 32.59371 126.3172 36.48692 -29.24247 115.9731 -47.69716 -42.71371 118.4002 -39.05892 -51.93489 122.0325 -25.24915 -55.45173 126.3172 -8.374483 17.25178 126.3965 44.36325 16.94435 130.6595 43.56037 -40.24881 115.9731 -36.94408 -50.21298 118.4002 -24.50624 -54.60754 122.0325 -8.374482 -52.76379 126.3174 8.768401 16.94435 122.0714 43.56037 0 126.5013 47.07726 0 130.783 46.23306 -16.94435 130.6595 43.56037 -47.31531 115.9731 -23.39441 -52.79702 118.4002 -8.374483 -52.06229 122.0312 8.536061 -46.08895 126.3277 25.09012 31.03331 118.4002 33.85899 -17.25477 126.3966 44.374 -33.44615 126.3276 37.7054 -49.75022 115.9731 -8.374483 -50.39101 118.3953 7.80643 -45.93778 122.0135 24.9707 40.24878 115.9731 20.1951 29.24245 115.9731 30.94817 16.31517 118.4002 41.27395 47.31528 115.9731 6.645434 -33.32869 122.0136 37.56494 -46.30664 115.1475 -8.374483 -47.47046 115.9667 6.687174 -44.60489 118.3485 23.63307 37.54104 115.2859 18.18358 0 122.1544 46.23306 49.75022 115.9731 -8.374483 -32.36168 118.3485 35.73862 -16.96915 122.0704 43.65002 -44.16687 115.309 5.605077 -44.23809 115.3087 -22.37196 -41.84747 115.9065 21.29662 44.07048 115.3136 5.579609 27.01589 115.1418 28.71872 47.31531 115.9731 -23.39441 -38.67656 115.2283 18.96111 -37.54946 115.59 -35.30497 46.30664 115.1475 -8.374483 14.18371 115.1828 34.10941 15.37367 115.9731 37.85208 40.24881 115.9731 -36.94408 -27.94378 115.604 -45.7075 44.23809 115.3087 -22.37196 0 115.2381 36.87555 0 118.4378 43.82896 -16.36129 118.3956 41.44056 -30.35471 115.9069 32.50573 -14.51765 115.404 -52.47515 37.54946 115.59 -35.30497 0 115.9731 40.23098 -15.41974 115.9661 38.01845 -27.80877 115.0828 29.85895 -14.20762 115.1784 34.19698 0 115.4719 -54.4842 14.51765 115.404 -52.47515 27.94378 115.604 -45.7075 14.20292 111.8235 35.11483 24.42265 109.9552 34.10331 14.18371 115.1828 34.10941 32.44575 107.3902 33.17196 33.08529 111.1003 25.7838 27.01589 115.1418 28.71872 33.08529 111.1003 25.7838 0 112.9793 36.88715 14.20292 111.8235 35.11483 0 115.2381 36.87555 41.79583 102.2716 31.59387 37.79458 106.8683 25.19728 42.7348 107.1443 15.14107 39.95667 111.8391 15.29123 37.54104 115.2859 18.18358 39.95667 111.8391 15.29123 -14.20762 115.1784 34.19698 -14.20525 111.8229 35.12357 48.66035 95.76086 30.02572 44.62663 101.7253 22.47228 48.3762 102.3135 12.66263 44.41888 112.8791 3.153647 46.89299 107.2724 4.109824 44.07048 115.3136 5.579609 44.41888 112.8791 3.153647 -24.6143 109.9277 34.46227 -27.80877 115.0828 29.85895 54.21435 87.40208 28.4725 50.7787 95.61657 18.60986 52.94827 96.85676 5.854859 47.96106 107.2957 -7.323457 45.7035 113.3536 -8.815758 46.30664 115.1475 -8.374483 45.7035 113.3536 -8.815758 -34.30967 110.9997 27.06246 -32.81882 107.3453 33.66527 -38.67656 115.2283 18.96111 -34.30967 110.9997 27.06246 56.51431 87.18163 10.45796 57.23381 87.37504 -6.129453 54.06274 97.61691 -6.599259 44.17807 113.3487 -21.58378 47.03766 107.2907 -20.71801 44.17807 113.3487 -21.58378 44.23809 115.3087 -22.37196 -38.56213 106.7908 25.87578 -41.81398 102.2694 31.61127 -44.16687 115.309 5.605077 -40.57531 111.796 15.63776 52.58633 97.61692 -20.30037 38.99199 113.3457 -33.94506 41.97349 107.0892 -34.8843 38.99199 113.3457 -33.94506 37.54946 115.59 -35.30497 -44.63557 101.7242 22.47828 -42.92951 107.1262 15.24168 -48.66035 95.76086 30.02572 -46.30664 115.1475 -8.374483 -44.41888 112.8791 3.153647 32.39947 113.3515 -42.65184 32.39947 113.3515 -42.65184 27.94378 115.604 -45.7075 -50.7787 95.61657 18.60986 -48.39872 102.3135 12.66263 -40.57531 111.796 15.63776 -54.21435 87.40208 28.4725 -44.17807 113.3487 -21.58378 -45.7035 113.3536 -8.815758 -44.23809 115.3087 -22.37196 34.74299 106.9255 -45.54136 22.90739 113.3854 -49.12637 22.90739 113.3854 -49.12637 14.51765 115.404 -52.47515 -44.41888 112.8791 3.153647 -38.99199 113.3457 -33.94506 -37.54946 115.59 -35.30497 24.69841 106.8957 -52.7993 11.10219 113.3578 -53.81599 47.47181 97.61691 -36.48037 39.83386 97.61691 -49.11028 11.10219 113.3578 -53.81599 0 113.3388 -54.96693 0 115.4719 -54.4842 -46.92879 107.2724 4.109824 -32.39947 113.3515 -42.65184 -27.94378 115.604 -45.7075 51.11224 87.37503 -37.30469 55.96417 87.37504 -20.90079 -11.10219 113.3578 -53.81599 -14.51765 115.404 -52.47515 -47.96106 107.2957 -7.323457 -52.94827 96.85676 5.854859 -22.90739 113.3854 -49.12637 57.31285 77.71826 -21.17202 52.13157 77.71826 -37.95892 58.03897 77.71826 -6.437231 -54.06274 97.61691 -6.599259 -57.23381 87.37504 -6.129453 -56.51431 87.18163 10.45796 -45.7035 113.3536 -8.815758 44.00804 77.71826 -50.94473 57.8741 77.70187 10.64767 -52.58633 97.61692 -20.30037 -47.03766 107.2907 -20.71801 -58.03897 77.71826 -6.437231 -57.8741 77.70187 10.64767 -44.17807 113.3487 -21.58378 32.4306 77.71826 -60.80896 42.91684 87.37504 -50.59581 57.03174 77.77657 28.95915 -41.97349 107.0892 -34.8843 -38.99199 113.3457 -33.94506 -57.31285 77.71826 -21.17202 -57.03174 77.77657 28.95915 31.53235 87.37505 -60.31797 17.98559 77.71826 -66.96835 28.74483 97.61693 -58.20037 57.04909 87.94564 46.10649 59.59761 77.20029 47.0699 -32.39947 113.3515 -42.65184 -55.96417 87.37504 -20.90079 -52.13157 77.71826 -37.95892 0 87.37504 -68.56641 17.17692 87.37504 -66.59636 0 77.71826 -69.14636 60.28012 77.20676 64.61402 48.66035 95.76086 30.02572 51.11267 98.0198 45.36164 -22.90739 113.3854 -49.12637 -34.74299 106.9255 -45.54136 -47.47181 97.61691 -36.48037 -51.11224 87.37503 -37.30469 -44.00804 77.71826 -50.94473 -17.98559 77.71826 -66.96835 58.56156 88.03516 64.06664 55.37242 77.44894 83.71088 -11.10219 113.3578 -53.81599 -24.69841 106.8957 -52.7993 -39.83386 97.61691 -49.11028 -42.91684 87.37504 -50.59581 -32.4306 77.71826 -60.80896 -17.17692 87.37504 -66.59636 -31.53235 87.37505 -60.31797 54.21452 88.04202 83.3278 53.61591 99.3447 62.89219 46.96062 77.47019 99.34903 -28.74483 97.61693 -58.20037 -15.19704 97.61691 -63.00895 46.34743 88.04202 98.81381 43.65707 99.37142 97.201 50.95974 99.37142 81.99393 43.84246 109.1816 78.76743 45.16043 107.948 61.48964 33.973 77.49145 110.1091 45.25433 104.8792 45.00431 15.19704 97.61691 -63.00895 0 97.61693 -65.07948 39.10108 109.1908 92.69579 32.52095 116.1882 87.67447 35.30598 116.281 75.30973 34.57653 114.4183 59.63842 41.79583 102.2716 31.59387 33.65748 110.4665 45.42865 -12.00851 106.806 -57.1076 29.84273 109.1941 102.8139 26.53593 116.5494 95.40739 23.09897 121.3201 82.57925 23.68263 120.8573 72.62547 32.44575 107.3902 33.17196 22.88868 113.6788 45.66298 0 106.7452 -58.96783 0 113.3388 -54.96693 31.66215 99.37142 107.4864 24.42265 109.9552 34.10331 22.68907 118.0464 58.53289 12.27772 116.1073 45.89468 12.00851 106.806 -57.1076 33.83289 88.04202 109.5652 14.20292 111.8235 35.11483 11.03469 120.0653 57.88739 22.68907 118.0464 58.53289 0 117.5142 46.22712 0 112.9793 36.88715 17.60756 88.04202 116.2786 17.72761 77.47449 116.6262 11.03469 120.0653 57.88739 11.24839 122.7157 71.62621 0 121.3881 57.84504 11.03469 120.0653 57.88739 -11.03469 120.0653 57.88739 -12.27772 116.1073 45.89468 -11.03469 120.0653 57.88739 -14.20525 111.8229 35.12357 0 88.04202 117.8429 0 77.474 118.1989 0 123.4765 71.56387 14.17565 120.9365 91.54061 12.603 123.2736 83.18282 11.24839 122.7157 71.62621 -11.03469 120.0653 57.88739 -22.68907 118.0464 58.53289 -24.6143 109.9277 34.46227 -17.72761 77.47449 116.6262 0 123.7557 83.1828 -11.24839 122.7157 71.62621 -11.24839 122.7157 71.62621 15.54838 116.7748 100.0596 -22.68907 118.0464 58.53289 -23.68263 120.8573 72.62547 -22.88868 113.6788 45.66298 -34.57653 114.4183 59.63842 -32.81882 107.3453 33.66527 -17.60756 88.04202 116.2786 -33.973 77.49145 110.1091 -23.09897 121.3201 82.57925 16.54523 109.58 108.4831 -35.30598 116.281 75.30973 -33.65748 110.4665 45.42865 -41.81398 102.2694 31.61127 -33.83289 88.04202 109.5652 -46.34743 88.04202 98.81381 -46.96062 77.47019 99.34903 0 109.581 109.367 16.94616 99.37142 114.0307 0 117.1743 102.2917 -45.25433 104.8792 45.00431 -48.66035 95.76086 30.02572 -31.66215 99.37142 107.4864 -54.21452 88.04202 83.3278 -55.37242 77.44894 83.71088 0 121.1638 93.98096 -51.11267 98.0198 45.36164 -45.16043 107.948 61.48964 -16.94616 99.37142 114.0307 -58.56156 88.03516 64.06664 -60.28012 77.20676 64.61402 0 99.37142 115.2556 -57.04909 87.94564 46.10649 -53.61591 99.3447 62.89219 -43.84246 109.1816 78.76743 -32.52095 116.1882 87.67447 -59.59761 77.20029 47.0699 0 99.37142 115.2556 -50.95974 99.37142 81.99393 -39.10108 109.1908 92.69579 -26.53593 116.5494 95.40739 -14.17565 120.9365 91.54061 -12.603 123.2736 83.18282 -43.65707 99.37142 97.201 -16.54523 109.58 108.4831 -29.84273 109.1941 102.8139 -15.54838 116.7748 100.0596 26.20407 40.09747 90.16074 -26.20407 40.09747 90.16074 34.59715 40.09747 83.75764 -13.24298 40.09747 96.42617 13.24298 40.09747 96.42617 -34.59715 40.09747 83.75764 42.55509 40.09747 74.22431 0 40.09747 97.631 -42.55509 40.09747 74.22431 -47.29802 40.09747 61.55906 47.29802 40.09747 61.55906 -48.25092 40.09746 48.09277 48.25092 40.09746 48.09277 -46.57423 40.09746 32.04725 46.57423 40.09746 32.04725 -44.07825 40.09746 12.98554 44.07825 40.09746 12.98554 -43.27789 40.09747 -5.584246 43.27789 40.09747 -5.584246 42.51426 40.02437 -18.88265 -42.51426 40.02437 -18.88265 -38.90129 40.09747 -29.62638 38.90129 40.09747 -29.62638 -32.60987 40.09747 -38.82933 32.60987 40.09747 -38.82933 -22.99035 40.09747 -46.25838 22.99035 40.09747 -46.25838 -12.42125 40.09747 -50.31036 12.42125 40.09747 -50.31036 0 40.09747 -51.40201 -57.8741 77.70187 10.64767 -56.84695 67.33157 11.16563 -57.03174 77.77657 28.95915 -58.03897 77.71826 -6.437231 -56.75389 67.33157 -6.645747 -54.30192 59.78472 11.56893 -56.31911 59.78472 31.05812 -57.69278 67.33157 29.67022 -59.59761 77.20029 47.0699 -57.31285 77.71826 -21.17202 -55.90843 67.33157 -21.34127 -53.47269 59.78472 -6.878033 -53.53733 59.78472 -21.18047 -49.54819 52.78918 11.99123 -52.55719 52.74422 32.70102 -54.18768 52.74422 50.13382 -58.04142 59.78473 49.50156 -59.69106 67.33157 48.17371 -60.28012 77.20676 64.61402 -50.64191 67.33157 -37.13352 -52.13157 77.71826 -37.95892 -49.24442 59.78472 -35.67132 -44.71643 52.78918 -32.74903 -48.29769 52.78918 -19.99504 -47.76724 51.74124 12.47114 -50.54224 51.74124 32.38694 -52.31052 52.74422 64.7644 -57.3205 59.78473 65.18445 -59.26952 67.33157 64.57968 -55.37242 77.44894 83.71088 -42.98654 67.33157 -50.04883 -44.00804 77.71826 -50.94473 -38.20192 52.78918 -43.49491 -42.23448 51.74124 -31.00322 -46.89835 51.74124 -6.523604 -52.17613 51.74124 49.15139 -53.67173 67.33157 83.28426 -46.96062 77.47019 99.34903 -31.77413 67.33157 -59.5926 -32.4306 77.71826 -60.80896 -36.08576 51.74124 -40.5892 -45.93811 51.74124 -19.37843 -48.74907 52.78918 -6.648314 -51.14901 51.74124 63.22105 -46.01944 67.33157 97.15451 -33.973 77.49145 110.1091 -17.20989 67.33157 -65.40596 -17.98559 77.71826 -66.96835 -27.76914 52.78918 -51.44477 -26.73902 51.74124 -48.3795 -46.31574 51.74124 76.59567 -47.90076 52.74422 78.79842 -33.25249 67.33157 107.8652 -17.72761 77.47449 116.6262 -16.12121 59.78472 -62.65216 0 67.33157 -67.57417 0 77.71826 -69.14636 -41.44217 59.78472 -47.92019 -13.33201 51.74124 -54.46215 -39.31471 52.74422 90.17442 -37.73758 51.74124 87.5882 -51.59368 59.78473 82.38194 -17.39775 67.33157 114.0656 0 77.474 118.1989 17.98559 77.71826 -66.96835 0 52.78918 -58.71814 0 51.74124 -56.23916 -14.50681 52.78918 -57.78047 -29.32986 51.74124 94.30347 -43.35265 59.78473 93.84345 32.4306 77.71826 -60.80896 17.20989 67.33157 -65.40596 13.33201 51.74124 -54.46215 -14.11273 51.74124 101.5271 -15.95688 52.74422 104.4252 -30.67858 52.74422 98.97462 -32.25302 59.78473 104.5744 44.00804 77.71826 -50.94473 31.77413 67.33157 -59.5926 -31.28418 59.78472 -56.96617 0 51.74124 102.5243 0 52.74422 105.9925 -17.38461 59.78473 110.7359 52.13157 77.71826 -37.95892 42.98654 67.33157 -50.04883 14.11273 51.74124 101.5271 15.95688 52.74422 104.4252 0 59.78473 112.3189 0 67.33157 115.6146 57.31285 77.71826 -21.17202 50.64191 67.33157 -37.13352 0 59.78472 -64.13129 29.32986 51.74124 94.30347 17.38461 59.78473 110.7359 30.67858 52.74422 98.97462 17.39775 67.33157 114.0656 17.72761 77.47449 116.6262 58.03897 77.71826 -6.437231 55.90843 67.33157 -21.34127 14.50681 52.78918 -57.78047 16.12121 59.78472 -62.65216 37.73758 51.74124 87.5882 39.31471 52.74422 90.17442 33.25249 67.33157 107.8652 33.973 77.49145 110.1091 56.75389 67.33157 -6.645747 56.84695 67.33157 11.16563 57.8741 77.70187 10.64767 27.76914 52.78918 -51.44477 31.28418 59.78472 -56.96617 26.73902 51.74124 -48.3795 46.31574 51.74124 76.59567 32.25302 59.78473 104.5744 46.01944 67.33157 97.15451 46.96062 77.47019 99.34903 57.03174 77.77657 28.95915 41.44217 59.78472 -47.92019 36.08576 51.74124 -40.5892 47.90076 52.74422 78.79842 51.14901 51.74124 63.22105 52.31052 52.74422 64.7644 43.35265 59.78473 93.84345 53.67173 67.33157 83.28426 55.37242 77.44894 83.71088 59.59761 77.20029 47.0699 57.69278 67.33157 29.67022 52.17613 51.74124 49.15139 51.59368 59.78473 82.38194 57.3205 59.78473 65.18445 59.26952 67.33157 64.57968 60.28012 77.20676 64.61402 59.69106 67.33157 48.17371 58.04142 59.78473 49.50156 56.31911 59.78472 31.05812 54.30192 59.78472 11.56893 49.24442 59.78472 -35.67132 54.18768 52.74422 50.13382 52.55719 52.74422 32.70102 49.54819 52.78918 11.99123 53.47269 59.78472 -6.878033 53.53733 59.78472 -21.18047 38.20192 52.78918 -43.49491 44.71643 52.78918 -32.74903 50.54224 51.74124 32.38694 47.76724 51.74124 12.47114 46.89835 51.74124 -6.523604 48.74907 52.78918 -6.648314 48.29769 52.78918 -19.99504 42.23448 51.74124 -31.00322 45.93811 51.74124 -19.37843 -52.17613 51.74124 49.15139 -52.96396 50.46498 49.53529 -51.14901 51.74124 63.22105 -50.54224 51.74124 32.38694 -51.33073 50.46498 32.50931 -50.5924 41.6326 48.37809 -51.90591 50.46498 63.82446 -48.96327 41.64265 32.13924 -46.93723 50.46498 77.45712 -46.31574 51.74124 76.59567 -47.76724 51.74124 12.47114 -48.46416 50.46498 12.28281 -46.37396 41.64958 12.84501 -46.57423 40.09746 32.04725 -48.25092 40.09746 48.09277 -49.61362 41.59904 61.99734 -44.07825 40.09746 12.98554 -37.73758 51.74124 87.5882 -45.04095 41.55754 74.83249 -38.35358 50.46498 88.59969 -46.89835 51.74124 -6.523604 -47.66693 50.46498 -7.072664 -45.5967 41.63973 -5.90859 -47.29802 40.09747 61.55906 -43.27789 40.09747 -5.584246 -29.82962 50.46498 95.42827 -29.32986 51.74124 94.30347 -42.55509 40.09747 74.22431 -36.47894 41.54061 85.50908 -27.45122 41.52367 92.31525 -46.69714 50.54085 -20.24013 -45.93811 51.74124 -19.37843 -44.88786 41.57062 -19.19071 -42.51426 40.02437 -18.88265 -14.30045 50.46498 102.7646 -14.11273 51.74124 101.5271 -34.59715 40.09747 83.75764 -13.24298 40.09747 96.42617 -13.72611 41.50756 98.96533 -26.20407 40.09747 90.16074 -42.23448 51.74124 -31.00322 -38.90129 40.09747 -29.62638 -41.3451 41.59031 -30.14725 0 50.46498 103.763 0 51.74124 102.5243 0 40.09747 97.631 0 41.5074 100.1731 -36.08576 51.74124 -40.5892 -42.96803 50.46498 -32.02454 -32.60987 40.09747 -38.82933 13.72611 41.50756 98.96533 14.30045 50.46498 102.7646 14.11273 51.74124 101.5271 13.24298 40.09747 96.42617 -36.68139 50.46498 -41.75772 -26.73902 51.74124 -48.3795 -27.19884 50.46498 -49.67512 -26.20779 41.53828 -46.96788 -22.99035 40.09747 -46.25838 -34.59361 41.56429 -40.40562 27.45122 41.52367 92.31525 29.32986 51.74124 94.30347 29.82962 50.46498 95.42827 26.20407 40.09747 90.16074 -13.33201 51.74124 -54.46215 -12.93607 41.50954 -52.87698 -13.48959 50.46498 -55.87265 -12.42125 40.09747 -50.31036 36.47894 41.54061 85.50908 38.35358 50.46498 88.59969 34.59715 40.09747 83.75764 37.73758 51.74124 87.5882 0 51.74124 -56.23916 0 40.09747 -51.40201 0 41.51117 -53.95193 0 50.46498 -57.26835 42.55509 40.09747 74.22431 45.04095 41.55754 74.83249 46.93723 50.46498 77.45712 46.31574 51.74124 76.59567 13.48959 50.46498 -55.87265 13.33201 51.74124 -54.46215 12.93607 41.50954 -52.87698 12.42125 40.09747 -50.31036 47.29802 40.09747 61.55906 49.61362 41.59904 61.99734 51.90591 50.46498 63.82446 51.14901 51.74124 63.22105 27.19884 50.46498 -49.67512 26.73902 51.74124 -48.3795 26.20779 41.53828 -46.96788 22.99035 40.09747 -46.25838 48.25092 40.09746 48.09277 50.5924 41.6326 48.37809 52.96396 50.46498 49.53529 52.17613 51.74124 49.15139 36.68139 50.46498 -41.75772 36.08576 51.74124 -40.5892 32.60987 40.09747 -38.82933 34.59361 41.56429 -40.40562 46.57423 40.09746 32.04725 48.96327 41.64265 32.13924 51.33073 50.46498 32.50931 50.54224 51.74124 32.38694 41.3451 41.59031 -30.14725 42.96803 50.46498 -32.02454 42.23448 51.74124 -31.00322 38.90129 40.09747 -29.62638 44.07825 40.09746 12.98554 46.37396 41.64958 12.84501 48.46416 50.46498 12.28281 47.76724 51.74124 12.47114 44.88786 41.57062 -19.19071 46.69714 50.54085 -20.24013 45.93811 51.74124 -19.37843 42.51426 40.02437 -18.88265 43.27789 40.09747 -5.584246 45.5967 41.63973 -5.90859 47.66693 50.46498 -7.072664 46.89835 51.74124 -6.523604</float_array>
          <technique_common>
            <accessor source="#SkateShoes__SkateShoesMat00-position-array" count="833" stride="3">
              <param name="X" type="float" />
              <param name="Y" type="float" />
              <param name="Z" type="float" />
            </accessor>
          </technique_common>
        </source>
        <source id="SkateShoes__SkateShoesMat00-normal">
          <float_array id="SkateShoes__SkateShoesMat00-normal-array" count="2499">0 1 0 -0.7847358 0.5440313 -0.295499 -0.7710372 0.5968689 0.2191781 -0.4481409 0.6653621 0.5949119 0 0.6908023 0.7221135 0.001956947 0.5322896 -0.8473581 -0.4774951 0.5322896 -0.7005871 0.776908 0.5909981 0.2191781 0.7886497 0.5381604 -0.295499 0.4520548 0.6634051 0.5968689 0.479452 0.5283757 -0.7005871 -0.001956947 0.2387476 0.9706458 -0.5362035 0.183953 0.8238748 -0.9315069 0.03131115 0.3639922 -0.5733855 -0.1409002 -0.8062623 -0.9510763 -0.1056751 -0.2915851 0.9315069 0.01761252 0.3639922 0.5362035 0.1761252 0.8258317 0.9491194 -0.1193738 -0.2915851 0.5714286 -0.148728 -0.8062623 -0.9902152 0.1369863 0 -0.8023483 0.1350294 -0.5831702 -0.9510763 0.037182 -0.3091977 0.9921722 0.1311155 0 0.8023483 0.1330724 0.5831702 0.9510763 0.03522505 0.3091977 0.3052838 0.1350294 0.9432485 0.5870842 0.03522505 0.8082192 -0.001956947 -0.1409002 -0.9902152 -0.9217221 0.3855186 0 -0.8767123 0.3874756 -0.2857143 0.5420744 0.3874756 0.7455969 0.7455969 0.3894325 0.5420744 0.8767123 0.3894325 0.2857143 -0.3052838 0.1369863 0.9412916 0 0.037182 1 0.2837573 0.3874756 0.8767123 -0.3072407 0.1330724 -0.9432485 -0.5870842 0.03522505 -0.8082192 0.2328767 0.6536204 0.7201566 0.444227 0.6555773 0.6105675 0.6105675 0.6575342 0.444227 -0.8003914 0.1369863 0.5831702 -0.5870842 0.037182 0.8082192 0 0.3855186 0.9217221 -0.7455969 0.3874756 -0.5420744 -0.5420744 0.3874756 -0.7455969 0.1409002 0.890411 0.4324853 0.2661448 0.8923679 0.3659491 -0.9510763 0.037182 0.3091977 -0.2857143 0.3855186 0.8767123 -0.5420744 0.3855186 0.7455969 -0.7592955 0.6516634 0 -0.7201566 0.6536204 -0.2348337 -0.8767123 0.3855186 0.2857143 -0.7455969 0.3855186 0.5420744 0 0.6516634 0.7592955 -0.7221135 0.6497065 0.2348337 -0.4363992 0.888454 0.1409002 -0.4579256 0.888454 0 -0.4324853 0.890411 -0.1409002 -0.6125244 0.6536204 -0.444227 -0.6144814 0.6497065 0.4461839 0 0.890411 0.4559687 -0.37182 0.888454 0.2700587 0.01956947 1 -0.005870841 0.02152642 1 0 -0.2700587 0.888454 0.37182 -0.4461839 0.6497065 0.6144814 -0.2348337 0.6497065 0.7221135 0 1 -0.02152642 -0.005870841 1 -0.01956947 -0.444227 0.6575342 -0.6105675 -0.2857143 0.3894325 -0.8767123 -0.1409002 0.888454 0.4363992 -0.01174168 1 -0.01761252 0.3659491 0.8923679 0.2641879 -0.3659491 0.890411 -0.2661448 0 0.0332681 -1 0.005870841 1 -0.01956947 0.7162427 0.6594912 0.2328767 0.01956947 1 0.005870841 0.3072407 0.1311155 -0.9432485 0 0.8767123 -0.481409 0.148728 0.8767123 -0.4579256 0.01174168 1 -0.01761252 0.9217221 0.3894325 0 0.4579256 0.8767123 -0.148728 0.481409 0.8767123 0 0 0.6555773 -0.7553816 -0.148728 0.8767123 -0.4559687 0.2837573 0.8767123 -0.3913894 0.01761252 1 -0.01174168 0.9510763 0.0332681 -0.3091977 0.3913894 0.8767123 -0.2837573 -0.2328767 0.6575342 -0.7162427 -0.2818004 0.8786693 -0.3874756 -0.01565558 1 -0.01174168 0.2328767 0.6555773 -0.7181996 0.444227 0.6555773 -0.6105675 0.8747554 0.3913894 -0.2837573 0.8023483 0.1311155 -0.5831702 0.6105675 0.6555773 -0.444227 0.4266145 0.8943248 0.1389433 0.2876712 0.3679061 -0.8845401 0.5459883 0.3679061 -0.7534246 0.7514677 0.6594912 0 0.7455969 0.3913894 -0.5401174 0.5870842 0.0332681 -0.8082192 0.7181996 0.6555773 -0.2328767 0 0.3679061 -0.9295499 0.4481409 0.8943248 0 0.7123288 0.6614481 -0.2309198 0.5401174 0.3913894 -0.7455969 0.2837573 0.3894325 -0.8747554 0 0 -1 -0.2876712 0.3679061 -0.8845401 -0.4422701 0.6575342 -0.6086106 0.6066536 0.6614481 -0.4403131 0.4403131 0.6614481 -0.6066536 0.2309198 0.6614481 -0.7142857 0 0.3894325 -0.9217221 0.3091977 0 -0.9510763 -0.3855186 0.8786693 -0.2798434 0.4246575 0.8943248 -0.1389433 0.3600783 0.8943248 -0.2622309 0.2622309 0.8943248 -0.3600783 -0.2328767 0.6575342 -0.7162427 0 0.6594912 -0.7514677 0.5870842 0 -0.8082192 0.7534246 0.3679061 -0.5459883 -0.01956947 1 -0.005870841 -0.2641879 0.8923679 -0.3659491 -0.1389433 0.8923679 -0.4266145 0 0.8943248 -0.4481409 0.1389433 0.8943248 -0.4246575 -0.4520548 0.8806262 -0.146771 -0.01956947 1 0 0.01174168 1 0.01565558 0.005870841 1 0.01956947 -0.01174168 1 0.01565558 -0.005870841 1 0.01956947 0.01761252 1 0.01174168 -0.6086106 0.6575342 -0.4422701 -0.01956947 1 0.005870841 -0.01565558 1 0.01174168 -0.3757339 0.8864971 0.2720157 -0.2720157 0.8864971 0.3757339 0.4559687 0.8767123 0.148728 -0.5459883 0.3679061 -0.7514677 -0.4735812 0.8806262 0 -0.4481409 0.8825831 0.1448141 -0.7064579 0.6712329 0.223092 -0.5851272 0.6947162 0.4187867 0.7553816 0.6555773 0 0.3874756 0.8786693 0.2818004 0.2798434 0.8786693 0.3855186 -0.7514677 0.6594912 0 -0.7162427 0.6594912 -0.2328767 0.8845401 0.3679061 -0.2876712 0.7181996 0.6575342 0.2328767 0.6086106 0.6575342 0.4422701 0.4422701 0.6594912 0.6086106 0.146771 0.8806262 0.4500979 0 1 0.01956947 0.8082192 0 -0.5870842 0.9295499 0.3679061 0 0.8845401 0.3679061 0.2876712 0.7514677 0.3679061 0.5459883 0.2328767 0.6634051 0.7103718 0 0.8825831 0.4696673 -0.1448141 0.8825831 0.4461839 -0.7514677 0.3679061 -0.5459883 1 0 0 0.9510763 0 0.3091977 0 0.667319 0.7455969 -0.223092 0.6771037 0.702544 -0.4187867 0.6947162 0.5851272 -0.3091977 0 -0.9510763 -0.5870842 0 -0.8082192 -0.8845401 0.3679061 -0.2876712 0.9510763 0 -0.3091977 -0.7279844 0.4618395 0.5048923 -0.5068493 0.4637965 0.7279844 -0.9295499 0.3679061 0 0.9001957 -0.3189824 -0.295499 0.7612525 -0.332681 -0.55773 0.5479452 -0.3502935 -0.7592955 -0.8767123 0.4011742 0.2641879 0 -0.369863 -0.9295499 0.9491194 -0.3131115 0 0.7455969 -0.6203523 -0.2446184 0.6203523 -0.6399217 -0.4540117 0.4383562 -0.6653621 -0.6066536 0.2857143 -0.3639922 -0.8864971 0.2250489 -0.6829746 -0.6947162 0 -0.6888454 -0.7240704 -0.2857143 -0.3639922 -0.8864971 0.7906067 -0.6125244 0 0.9001957 -0.3189824 0.295499 0.8082192 0 0.5870842 0.1428571 -0.8864971 -0.4403131 0.2661448 -0.890411 -0.369863 0 -0.8864971 -0.4637965 -0.2250489 -0.6829746 -0.6947162 -0.5479452 -0.3502935 -0.7592955 -0.8082192 0 -0.5870842 0.7455969 -0.6203523 0.2446184 0.7612525 -0.332681 0.55773 0.5479452 0.369863 0.7514677 -0.1428571 -0.8864971 -0.4403131 -0.4383562 -0.6653621 -0.6066536 -0.7612525 -0.332681 -0.55773 -0.9510763 0 -0.3091977 0.6203523 -0.6399217 0.4540117 0.5479452 -0.3522505 0.7592955 0.5890411 0 0.8082192 -0.2661448 -0.890411 -0.369863 -0.6203523 -0.6399217 -0.4540117 -0.9001957 -0.3189824 -0.295499 -1 0.003913894 -0.001956947 0.3091977 0 0.9510763 0.2896282 0.37182 0.8825831 -0.3600783 -0.8943248 -0.2641879 -0.7455969 -0.6203523 -0.2446184 -0.9510763 -0.3091977 -0.003913894 -0.960861 0.04892368 0.2700587 0.2837573 -0.3620352 0.8864971 0 0.003913894 1 0 0.3737769 0.9275929 -0.2661448 0.4050881 0.8747554 -0.4344423 -0.888454 -0.1428571 -0.7906067 -0.6105675 -0.003913894 -0.925636 -0.2857143 0.2465753 -0.8238748 0.1272016 0.5518591 0.4363992 -0.6653621 0.6066536 -0.2720157 0.04696673 0.960861 -0.553816 0.1272016 0.8238748 -0.4657534 -0.8845401 -0.001956947 -0.7592955 -0.6203523 0.1956947 -0.8062623 -0.260274 0.5322896 0.3659491 -0.890411 0.2681018 0.2641879 -0.8943248 0.3639922 0.223092 -0.6810176 0.6986302 0.4363992 -0.888454 0.1428571 -0.518591 -0.2818004 0.8062623 -0.444227 -0.8962818 -0.01174168 -0.4305284 -0.8962818 0.109589 -0.6438356 -0.6438356 0.4148728 0.4951076 -0.7964775 0.3463796 0.001956947 -0.3600783 0.9334638 0.4657534 -0.8845401 0 -0.3992172 -0.6692759 0.6262231 -0.2387476 -0.334638 0.9119374 -0.4285714 -0.8962818 0.1154599 -0.5420744 -0.8199608 -0.18591 -0.3581213 -0.9060665 0.2289628 0.4344423 -0.888454 0.1428571 0.4461839 -0.630137 0.6340509 0.4344423 -0.888454 -0.1428571 -0.4579256 -0.8454012 0.2778865 -0.4031311 -0.8767123 -0.2641879 0.4461839 -0.8943248 -0.009784736 0.1643836 -0.7064579 0.6868885 0.1330724 -0.9001957 0.4148728 0.3600783 -0.8943248 -0.2641879 -0.2681018 -0.888454 -0.3737769 0.5420744 -0.8199608 -0.18591 0.001956947 -0.7162427 0.6986302 0.003913894 -0.6829746 0.7299413 -0.1780822 -0.6810176 0.7103718 -0.2250489 -0.9080235 0.3522505 -0.1643836 -0.8375734 -0.5225049 0.4031311 -0.8767123 -0.2641879 0.001956947 -0.9041096 0.4266145 -0.1017613 -0.9060665 0.4109589 -0.3600783 -0.7162427 0.5968689 -0.1330724 -0.7318982 0.6692759 0 -0.6340509 -0.7749511 0.1643836 -0.8375734 -0.5225049 0.2681018 -0.888454 -0.3737769 0.1565558 0.2133072 0.964775 0.3639922 0.6242661 0.6908023 0.1643836 -0.7064579 0.6868885 0.4363992 0.8121331 0.3874756 0.6203523 0.5753425 0.5342466 0.4461839 -0.630137 0.6340509 0.6203523 0.5753425 0.5342466 0.001956947 0.1722113 0.9843444 0.1565558 0.2133072 0.964775 0.001956947 -0.7162427 0.6986302 0.6183953 0.7592955 0.2035225 0.6144814 0.7299413 0.297456 0.7592955 0.553816 0.3444227 0.8277887 0.3620352 0.4266145 0.4951076 -0.7964775 0.3463796 0.8277887 0.3620352 0.4266145 -0.1330724 -0.7318982 0.6692759 -0.1428571 0.1976517 0.9706458 0.776908 0.6105675 0.1506849 0.7005871 0.6731898 0.2328767 0.7886497 0.5694716 0.2367906 0.9158513 0.3189824 0.2426614 0.849315 0.4951076 0.1878669 0.4344423 -0.888454 0.1428571 0.9158513 0.3189824 0.2426614 -0.3189824 0.5616438 0.7651663 -0.3600783 -0.7162427 0.5968689 0.9452055 0.3268102 -0.0332681 0.8395303 0.516634 0.1663405 0.8943248 0.4324853 0.1154599 0.8806262 0.4716243 -0.02152642 0.9686888 0.2426614 -0.04696673 0.4461839 -0.8943248 -0.009784736 0.9686888 0.2426614 -0.04696673 -0.6262231 0.5518591 0.5499021 -0.4344423 0.7749511 0.4598826 -0.4579256 -0.8454012 0.2778865 -0.6262231 0.5518591 0.5499021 0.9667319 0.2465753 0.07240704 0.9804305 0.1996086 -0.02348337 0.9099804 0.4129159 -0.02544031 0.9236791 0.297456 -0.2446184 0.8630137 0.4657534 -0.1976517 0.9236791 0.297456 -0.2446184 0.5420744 -0.8199608 -0.18591 -0.6653621 0.6810176 0.3052838 -0.6418787 0.7338552 0.2250489 -0.4285714 -0.8962818 0.1154599 -0.8708415 0.3072407 0.3816047 0.8923679 0.4090019 -0.18591 0.8199608 0.3679061 -0.4363992 0.7827789 0.4872798 -0.3874756 0.8199608 0.3679061 -0.4363992 0.4031311 -0.8767123 -0.2641879 -0.7221135 0.6516634 0.2328767 -0.7906067 0.518591 0.3228963 -0.778865 0.6105675 0.1506849 -0.444227 -0.8962818 -0.01174168 -0.9275929 0.297456 0.223092 0.6203523 0.481409 -0.6203523 0.6203523 0.481409 -0.6203523 0.2681018 -0.888454 -0.3737769 -0.8414873 0.5146771 0.1663405 -0.7925636 0.5616438 0.2348337 -0.8708415 0.3072407 0.3816047 -0.9452055 0.3268102 -0.0332681 -0.9236791 0.297456 -0.2446184 -0.9686888 0.2426614 -0.04696673 -0.5420744 -0.8199608 -0.18591 0.6105675 0.5342466 -0.5870842 0.4011742 0.479452 -0.7808219 0.4011742 0.479452 -0.7808219 0.1643836 -0.8375734 -0.5225049 -0.9275929 0.297456 0.223092 -0.8199608 0.3679061 -0.4363992 -0.4031311 -0.8767123 -0.2641879 0.3835616 0.5518591 -0.739726 0.1956947 0.4540117 -0.8688846 0.8277887 0.4168297 -0.3757339 0.6771037 0.4285714 -0.5988258 0.1956947 0.4540117 -0.8688846 0 0.4520548 -0.8923679 0 -0.6340509 -0.7749511 -0.8571429 0.483366 0.1761252 -0.6203523 0.481409 -0.6203523 -0.2681018 -0.888454 -0.3737769 0.890411 0.2309198 -0.3894325 0.9549902 0.2250489 -0.1917808 -0.1956947 0.4540117 -0.8688846 -0.1643836 -0.8375734 -0.5225049 -0.8806262 0.4716243 -0.02152642 -0.8943248 0.4324853 0.1154599 -0.4011742 0.479452 -0.7808219 0.9823875 -0.009784736 -0.1878669 0.9119374 -0.01369863 -0.4090019 1 -0.007827789 -0.02152642 -0.9099804 0.4129159 -0.02544031 -0.9804305 0.1996086 -0.02348337 -0.9667319 0.2465753 0.07240704 -0.9686888 0.2426614 -0.04696673 0.7612525 -0.01761252 -0.6477495 0.9980431 0.04696673 0.02739726 -0.8923679 0.4090019 -0.18591 -0.8630137 0.4657534 -0.1976517 -1 -0.007827789 -0.02152642 -0.9980431 0.04696673 0.02739726 -0.9236791 0.297456 -0.2446184 0.5225049 -0.02935421 -0.851272 0.7436399 0.2172211 -0.6340509 0.9921722 0.1193738 -0.04892368 -0.7827789 0.4872798 -0.3874756 -0.8199608 0.3679061 -0.4363992 -0.9823875 -0.009784736 -0.1878669 -0.9921722 0.1193738 -0.04892368 0.5107632 0.2054795 -0.8356164 0.2524462 -0.04696673 -0.9667319 0.4403131 0.4422701 -0.7808219 0.9373777 0.3307241 -0.1174168 0.9902152 0.1076321 -0.08806262 -0.6203523 0.481409 -0.6203523 -0.9549902 0.2250489 -0.1917808 -0.9119374 -0.01369863 -0.4090019 0 0.1976517 -0.9804305 0.2426614 0.2015656 -0.9491194 0 -0.05479452 -0.9980431 0.9921722 0.04109589 0.1193738 0.7475538 0.6223092 -0.2348337 0.8180039 0.55773 -0.146771 -0.4011742 0.479452 -0.7808219 -0.6105675 0.5342466 -0.5870842 -0.8277887 0.4168297 -0.3757339 -0.890411 0.2309198 -0.3894325 -0.7612525 -0.01761252 -0.6477495 -0.2524462 -0.04696673 -0.9667319 0.9569471 0.2857143 0.06457926 0.9354208 -0.01174168 0.3542074 -0.1956947 0.4540117 -0.8688846 -0.3835616 0.5518591 -0.739726 -0.6771037 0.4285714 -0.5988258 -0.7436399 0.2172211 -0.6340509 -0.5225049 -0.02935421 -0.851272 -0.2426614 0.2015656 -0.9491194 -0.5107632 0.2054795 -0.8356164 0.9217221 0.2250489 0.3170255 0.849315 0.5283757 0.003913894 0.7729941 -0.05675147 0.6320939 -0.4403131 0.4422701 -0.7808219 -0.2152642 0.4461839 -0.8688846 0.776908 0.1800391 0.6027398 0.739726 0.3972603 0.5440313 0.849315 0.4677104 0.2426614 0.7005871 0.704501 0.1193738 0.6771037 0.7338552 -0.05675147 0.5068493 -0.08414873 0.8571429 0.6242661 0.7553816 -0.1996086 0.2152642 0.4461839 -0.8688846 0 0.4403131 -0.8982387 0.6594912 0.6360078 0.3992172 0.5381604 0.8043053 0.2544031 0.5459883 0.8375734 0.003913894 0.4677104 0.8688846 -0.1585127 0.518591 0.8062623 -0.2857143 0.3483366 0.8982387 -0.2681018 -0.1956947 0.5420744 -0.816047 0.4559687 0.5949119 0.6614481 0.3737769 0.8003914 0.4677104 0.2876712 0.9510763 0.1076321 0.2485323 0.9589041 -0.1350294 0.3620352 0.8943248 -0.260274 0.2309198 0.9295499 -0.2857143 0 0.5381604 -0.8434442 0 0.4520548 -0.8923679 0.4970646 0.3483366 0.7945206 0.223092 0.9315069 -0.2857143 0.221135 0.9432485 -0.2485323 0.1409002 0.9354208 -0.3228963 0.1956947 0.5420744 -0.816047 0.518591 0.148728 0.8434442 0.08610567 0.9315069 -0.3542074 0.1448141 0.960861 -0.2328767 0.221135 0.9432485 -0.2485323 0 0.9295499 -0.3679061 0 0.9178082 -0.3992172 0.2348337 0.1311155 0.962818 0.2309198 -0.0998043 0.9686888 0.1448141 0.960861 -0.2328767 0.1154599 0.9843444 -0.1311155 0 0.9765166 -0.2152642 0.1448141 0.960861 -0.2328767 -0.1448141 0.960861 -0.2328767 -0.1409002 0.9354208 -0.3228963 -0.1448141 0.960861 -0.2328767 -0.09197652 0.9315069 -0.3542074 0 0.1252446 0.9921722 0 -0.1056751 0.9941292 0 0.9941292 -0.109589 0.1135029 0.9373777 0.332681 0.08806262 0.9921722 0.09784736 0.1154599 0.9843444 -0.1311155 -0.1448141 0.960861 -0.2328767 -0.221135 0.9432485 -0.2485323 -0.2250489 0.9295499 -0.2896282 -0.2309198 -0.0998043 0.9686888 0 0.9941292 0.1017613 -0.1154599 0.9843444 -0.1311155 -0.1154599 0.9843444 -0.1311155 0.1761252 0.8219178 0.5401174 -0.221135 0.9432485 -0.2485323 -0.2485323 0.9589041 -0.1350294 -0.2309198 0.9295499 -0.2896282 -0.4677104 0.8688846 -0.1585127 -0.3600783 0.8943248 -0.2641879 -0.2348337 0.1311155 0.962818 -0.5068493 -0.08414873 0.8571429 -0.2876712 0.9510763 0.1076321 0.2074364 0.5812133 0.7866927 -0.5459883 0.8375734 0.003913894 -0.3483366 0.8982387 -0.2700587 -0.5205479 0.8043053 -0.2876712 -0.518591 0.148728 0.8434442 -0.776908 0.1800391 0.6027398 -0.7729941 -0.05675147 0.6320939 0 0.5499021 0.8356164 0.2152642 0.3424658 0.9138943 0 0.8356164 0.5479452 -0.6242661 0.7553816 -0.1996086 -0.7475538 0.6223092 -0.2348337 -0.4970646 0.3483366 0.7945206 -0.9217221 0.2250489 0.3170255 -0.9354208 -0.01174168 0.3542074 0 0.9354208 0.3502935 -0.8180039 0.55773 -0.146771 -0.6771037 0.7338552 -0.05675147 -0.2152642 0.3424658 0.9138943 -0.9569471 0.2857143 0.06457926 -0.9921722 0.04109589 0.1193738 0 0.3502935 0.9373777 -0.9373777 0.3307241 -0.1174168 -0.849315 0.5283757 0.003913894 -0.7005871 0.704501 0.1193738 -0.5381604 0.8043053 0.2544031 -0.9902152 0.1076321 -0.08806262 0 0.3502935 0.9373777 -0.849315 0.4677104 0.2426614 -0.6594912 0.6360078 0.3992172 -0.3737769 0.8003914 0.4677104 -0.1135029 0.9373777 0.332681 -0.08806262 0.9921722 0.09784736 -0.739726 0.3972603 0.5440313 -0.2074364 0.5812133 0.7866927 -0.4559687 0.5949119 0.6614481 -0.1761252 0.8219178 0.5401174 0.02544031 -0.9980431 0.04305284 -0.02544031 -0.9980431 0.04305284 0.01956947 -1 0.01956947 -0.02348337 -0.9960861 0.08219178 0.02348337 -0.9960861 0.08219178 -0.01956947 -1 0.01956947 0.01956947 -1 0.01174168 0 -0.9315069 0.3620352 -0.01956947 -1 0.01174168 -0.01761252 -1 0.003913894 0.01761252 -1 0.003913894 -0.01761252 -1 0 0.01761252 -1 0 -0.01761252 -1 -0.001956947 0.01761252 -1 -0.001956947 -0.01565558 -1 -0.001956947 0.01565558 -1 -0.001956947 -0.01761252 -1 0.001956947 0.01761252 -1 0.001956947 0.01956947 -1 -0.001956947 -0.01956947 -1 -0.001956947 -0.02152642 -1 -0.01565558 0.02152642 -1 -0.01565558 -0.02348337 -1 -0.02152642 0.02348337 -1 -0.02152642 -0.02348337 -0.9980431 -0.04500978 0.02348337 -0.9980431 -0.04500978 -0.02935421 -0.9921722 -0.1154599 0.02935421 -0.9921722 -0.1154599 0 -0.9295499 -0.369863 -0.9980431 0.04696673 0.02739726 -0.9843444 -0.1741683 -0.02152642 -0.9921722 0.1193738 -0.04892368 -1 -0.007827789 -0.02152642 -0.9745597 -0.2250489 -0.02348337 -0.8982387 -0.4363992 -0.06262231 -0.9197652 -0.3816047 -0.09197652 -0.9921722 -0.1017613 -0.07240704 -0.9902152 0.1076321 -0.08806262 -0.9823875 -0.009784736 -0.1878669 -0.960861 -0.2074364 -0.1800391 -0.8825831 -0.4696673 -0.02544031 -0.8806262 -0.4520548 -0.146771 -0.776908 -0.6262231 -0.06849315 -0.7964775 -0.5968689 -0.08806262 -0.8101761 -0.5851272 -0.003913894 -0.9295499 -0.3679061 -0.02152642 -0.9941292 -0.1017613 -0.05479452 -0.9921722 0.04109589 0.1193738 -0.8923679 -0.1956947 -0.4050881 -0.9119374 -0.01369863 -0.4090019 -0.8199608 -0.4403131 -0.3659491 -0.6575342 -0.6986302 -0.2857143 -0.7318982 -0.6731898 -0.109589 -0.483366 -0.8747554 -0.04892368 -0.4657534 -0.8825831 -0.05870841 -0.7690802 -0.6164383 0.1682975 -0.9021527 -0.3933464 0.1780822 -0.9765166 -0.1565558 0.1526419 -0.9354208 -0.01174168 0.3542074 -0.7455969 -0.2035225 -0.6360078 -0.7612525 -0.01761252 -0.6477495 -0.5225049 -0.7240704 -0.4500979 -0.3111546 -0.9412916 -0.1330724 -0.4716243 -0.8806262 -0.01369863 -0.4716243 -0.8806262 -0.01369863 -0.9001957 -0.221135 0.3757339 -0.7729941 -0.05675147 0.6320939 -0.4970646 -0.223092 -0.8395303 -0.5225049 -0.02935421 -0.851272 -0.2289628 -0.9530333 -0.1976517 -0.3953033 -0.9158513 -0.0665362 -0.7632094 -0.6457925 -0.02544031 -0.4853229 -0.8708415 0.08414873 -0.7377691 -0.2896282 0.6086106 -0.5068493 -0.08414873 0.8571429 -0.2504892 -0.223092 -0.9412916 -0.2524462 -0.04696673 -0.9667319 -0.3385518 -0.7455969 -0.5733855 -0.1585127 -0.9549902 -0.2524462 -0.369863 -0.9119374 0.1780822 -0.6712329 -0.6634051 0.3287671 -0.4892368 -0.3091977 0.816047 -0.2309198 -0.0998043 0.9686888 -0.2465753 -0.4970646 -0.8317025 0 -0.2191781 -0.9765166 0 -0.05479452 -0.9980431 -0.6692759 -0.4716243 -0.5753425 -0.09001957 -0.9549902 -0.2818004 -0.518591 -0.7416829 0.4246575 -0.2309198 -0.9510763 0.2035225 -0.8062623 -0.4481409 0.3855186 -0.2172211 -0.3111546 0.925636 0 -0.1056751 0.9941292 0.2524462 -0.04696673 -0.9667319 0 -0.6986302 -0.7162427 0 -0.9217221 -0.3894325 -0.1976517 -0.7299413 -0.6555773 -0.1330724 -0.9686888 0.2074364 -0.6692759 -0.4931507 0.555773 0.5225049 -0.02935421 -0.851272 0.2504892 -0.223092 -0.9412916 0.09001957 -0.9549902 -0.2818004 -0.05870841 -0.964775 0.258317 -0.148728 -0.7710372 0.6203523 -0.3091977 -0.778865 0.5440313 -0.4344423 -0.5225049 0.7338552 0.7612525 -0.01761252 -0.6477495 0.4970646 -0.223092 -0.8395303 -0.4461839 -0.4970646 -0.7436399 0 -0.9549902 0.2935421 0 -0.7553816 0.6555773 -0.1956947 -0.5401174 0.8180039 0.9119374 -0.01369863 -0.4090019 0.7455969 -0.2035225 -0.6360078 0.05870841 -0.964775 0.258317 0.148728 -0.7710372 0.6203523 0 -0.5459883 0.8375734 0 -0.3150685 0.9491194 0.9823875 -0.009784736 -0.1878669 0.8923679 -0.1956947 -0.4050881 0 -0.5088063 -0.8610567 0.1330724 -0.9686888 0.2074364 0.1956947 -0.5401174 0.8180039 0.3091977 -0.778865 0.5440313 0.2172211 -0.3111546 0.925636 0.2309198 -0.0998043 0.9686888 1 -0.007827789 -0.02152642 0.960861 -0.2074364 -0.1800391 0.1976517 -0.7299413 -0.6555773 0.2465753 -0.4970646 -0.8317025 0.2309198 -0.9510763 0.2035225 0.518591 -0.7416829 0.4246575 0.4892368 -0.3091977 0.816047 0.5068493 -0.08414873 0.8571429 0.9745597 -0.2250489 -0.02348337 0.9843444 -0.1741683 -0.02152642 0.9980431 0.04696673 0.02739726 0.3385518 -0.7455969 -0.5733855 0.4461839 -0.4970646 -0.7436399 0.1585127 -0.9549902 -0.2524462 0.369863 -0.9119374 0.1780822 0.4344423 -0.5225049 0.7338552 0.7377691 -0.2896282 0.6086106 0.7729941 -0.05675147 0.6320939 0.9921722 0.1193738 -0.04892368 0.6692759 -0.4716243 -0.5753425 0.2289628 -0.9530333 -0.1976517 0.6712329 -0.6634051 0.3287671 0.4853229 -0.8708415 0.08414873 0.7690802 -0.6164383 0.1682975 0.6692759 -0.4931507 0.555773 0.9001957 -0.221135 0.3757339 0.9354208 -0.01174168 0.3542074 0.9902152 0.1076321 -0.08806262 0.9921722 -0.1017613 -0.07240704 0.4716243 -0.8806262 -0.01369863 0.8062623 -0.4481409 0.3855186 0.9021527 -0.3933464 0.1780822 0.9765166 -0.1565558 0.1526419 0.9921722 0.04109589 0.1193738 0.9941292 -0.1017613 -0.05479452 0.9295499 -0.3679061 -0.02152642 0.9197652 -0.3816047 -0.09197652 0.8982387 -0.4363992 -0.06262231 0.8199608 -0.4403131 -0.3659491 0.8101761 -0.5851272 -0.003913894 0.7964775 -0.5968689 -0.08806262 0.776908 -0.6262231 -0.06849315 0.8825831 -0.4696673 -0.02544031 0.8806262 -0.4520548 -0.146771 0.5225049 -0.7240704 -0.4500979 0.6575342 -0.6986302 -0.2857143 0.4657534 -0.8825831 -0.05870841 0.483366 -0.8747554 -0.04892368 0.4716243 -0.8806262 -0.01369863 0.7632094 -0.6457925 -0.02544031 0.7318982 -0.6731898 -0.109589 0.3111546 -0.9412916 -0.1330724 0.3953033 -0.9158513 -0.0665362 -0.853229 0.5225049 -0.02739726 -0.9882583 -0.1545988 -0.01174168 -0.816047 0.555773 0.1565558 -0.8571429 0.5068493 -0.1056751 -0.9823875 -0.146771 -0.1174168 -0.9158513 -0.4011742 -0.02348337 -0.960861 -0.1702544 0.2191781 -0.9119374 -0.3972603 -0.109589 -0.849315 -0.1976517 0.4892368 -0.7064579 0.6086106 0.3639922 -0.8590998 0.5048923 -0.08219178 -0.9863014 -0.1389433 -0.08806262 -0.9138943 -0.3992172 -0.08414873 -0.01761252 -1 -0.001956947 -0.01761252 -1 0 -0.890411 -0.4187867 0.1800391 -0.01565558 -1 -0.001956947 -0.5499021 0.6575342 0.5127202 -0.7886497 -0.4481409 0.4207436 -0.6908023 -0.2328767 0.6849315 -0.853229 0.518591 -0.04500978 -0.9902152 -0.1291585 -0.05088063 -0.9217221 -0.3855186 -0.04500978 -0.01761252 -1 0.003913894 -0.01761252 -1 0.001956947 -0.4951076 -0.2407045 0.8356164 -0.37182 0.6868885 0.6223092 -0.01956947 -1 0.01174168 -0.62818 -0.4853229 0.6086106 -0.4363992 -0.5048923 0.7436399 -0.9765166 -0.111546 -0.1878669 -0.8043053 0.5812133 -0.1272016 -0.9119374 -0.3796478 -0.1604697 -0.01956947 -1 -0.001956947 -0.258317 -0.2426614 0.9354208 -0.1976517 0.6986302 0.6868885 -0.01956947 -1 0.01956947 -0.02348337 -0.9960861 0.08219178 -0.2387476 -0.5009785 0.8317025 -0.02544031 -0.9980431 0.04305284 -0.6986302 0.6477495 -0.3052838 -0.02152642 -1 -0.01565558 -0.8336595 -0.3953033 -0.3874756 0 -0.2348337 0.9726027 0 0.6986302 0.7162427 0 -0.9315069 0.3620352 0 -0.5068493 0.8610567 -0.5499021 0.6927593 -0.4677104 -0.8923679 -0.1232877 -0.4363992 -0.02348337 -1 -0.02152642 0.2387476 -0.5009785 0.8317025 0.258317 -0.2426614 0.9354208 0.1976517 0.6986302 0.6868885 0.02348337 -0.9960861 0.08219178 -0.739726 -0.1272016 -0.6614481 -0.3679061 0.7221135 -0.5851272 -0.5009785 -0.1409002 -0.853229 -0.4696673 -0.4266145 -0.7729941 -0.02348337 -0.9980431 -0.04500978 -0.6731898 -0.4187867 -0.6086106 0.4363992 -0.5048923 0.7436399 0.37182 0.6868885 0.6223092 0.4951076 -0.2407045 0.8356164 0.02544031 -0.9980431 0.04305284 -0.1996086 0.7181996 -0.667319 -0.2348337 -0.4461839 -0.8630137 -0.2563601 -0.1761252 -0.9510763 -0.02935421 -0.9921722 -0.1154599 0.62818 -0.4853229 0.6086106 0.6908023 -0.2328767 0.6849315 0.01956947 -1 0.01956947 0.5499021 0.6575342 0.5127202 0 0.6927593 -0.7201566 0 -0.9295499 -0.369863 0 -0.4735812 -0.8806262 0 -0.1878669 -0.9823875 0.01956947 -1 0.01174168 0.7886497 -0.4481409 0.4207436 0.849315 -0.1976517 0.4892368 0.7064579 0.6086106 0.3639922 0.2563601 -0.1761252 -0.9510763 0.1996086 0.7181996 -0.667319 0.2348337 -0.4461839 -0.8630137 0.02935421 -0.9921722 -0.1154599 0.01761252 -1 0.003913894 0.890411 -0.4187867 0.1800391 0.960861 -0.1702544 0.2191781 0.816047 0.555773 0.1565558 0.5009785 -0.1409002 -0.853229 0.3679061 0.7221135 -0.5851272 0.4696673 -0.4266145 -0.7729941 0.02348337 -0.9980431 -0.04500978 0.01761252 -1 0 0.9158513 -0.4011742 -0.02348337 0.9882583 -0.1545988 -0.01174168 0.853229 0.5225049 -0.02739726 0.739726 -0.1272016 -0.6614481 0.5499021 0.6927593 -0.4677104 0.02348337 -1 -0.02152642 0.6731898 -0.4187867 -0.6086106 0.01761252 -1 -0.001956947 0.9119374 -0.3972603 -0.109589 0.9823875 -0.146771 -0.1174168 0.8571429 0.5068493 -0.1056751 0.8336595 -0.3953033 -0.3874756 0.8923679 -0.1232877 -0.4363992 0.6986302 0.6477495 -0.3052838 0.02152642 -1 -0.01565558 0.01565558 -1 -0.001956947 0.9138943 -0.3992172 -0.08414873 0.9863014 -0.1389433 -0.08806262 0.8590998 0.5048923 -0.08219178 0.9119374 -0.3796478 -0.1604697 0.9765166 -0.111546 -0.1878669 0.8043053 0.5812133 -0.1272016 0.01956947 -1 -0.001956947 0.01761252 -1 0.001956947 0.9217221 -0.3855186 -0.04500978 0.9902152 -0.1291585 -0.05088063 0.853229 0.518591 -0.04500978</float_array>
          <technique_common>
            <accessor source="#SkateShoes__SkateShoesMat00-normal-array" count="833" stride="3">
              <param name="X" type="float" />
              <param name="Y" type="float" />
              <param name="Z" type="float" />
            </accessor>
          </technique_common>
        </source>
        <source id="SkateShoes__SkateShoesMat00-color">
          <float_array id="SkateShoes__SkateShoesMat00-color-array" count="3332">0.2941177 0.2941177 0.2941177 1 0.3843137 0.3843137 0.3843137 1 0.3764706 0.3764706 0.3764706 1 0.3764706 0.3764706 0.3764706 1 0.372549 0.372549 0.372549 1 0.3882353 0.3882353 0.3882353 1 0.3843137 0.3843137 0.3843137 1 0.372549 0.372549 0.372549 1 0.3843137 0.3843137 0.3843137 1 0.3764706 0.3764706 0.3764706 1 0.3882353 0.3882353 0.3882353 1 0.3882353 0.3882353 0.3882353 1 0.3803922 0.3803922 0.3803922 1 0.345098 0.345098 0.345098 1 0.3882353 0.3882353 0.3882353 1 0.3882353 0.3882353 0.3882353 1 0.345098 0.345098 0.345098 1 0.3843137 0.3843137 0.3843137 1 0.3843137 0.3843137 0.3843137 1 0.3882353 0.3882353 0.3882353 1 0.4392157 0.4392157 0.4392157 1 0.4392157 0.4392157 0.4392157 1 0.4313726 0.4313726 0.4313726 1 0.4392157 0.4392157 0.4392157 1 0.4392157 0.4392157 0.4392157 1 0.4313726 0.4313726 0.4313726 1 0.4431373 0.4431373 0.4431373 1 0.4313726 0.4313726 0.4313726 1 0.3843137 0.3843137 0.3843137 1 0.5843138 0.5843138 0.5843138 1 0.5843138 0.5843138 0.5843138 1 0.5882353 0.5882353 0.5882353 1 0.5921569 0.5921569 0.5921569 1 0.5686275 0.5686275 0.5686275 1 0.4392157 0.4392157 0.4392157 1 0.4313726 0.4313726 0.4313726 1 0.5843138 0.5843138 0.5843138 1 0.4392157 0.4392157 0.4392157 1 0.4352941 0.4352941 0.4352941 1 0.7450981 0.7450981 0.7450981 1 0.7450981 0.7450981 0.7450981 1 0.7450981 0.7450981 0.7450981 1 0.4431373 0.4431373 0.4431373 1 0.4352941 0.4352941 0.4352941 1 0.6 0.6 0.6 1 0.5960785 0.5960785 0.5960785 1 0.5843138 0.5843138 0.5843138 1 0.8980392 0.8980392 0.8980392 1 0.9019608 0.9019608 0.9019608 1 0.4313726 0.4313726 0.4313726 1 0.6 0.6 0.6 1 0.5921569 0.5921569 0.5921569 1 0.7450981 0.7450981 0.7450981 1 0.7490196 0.7490196 0.7490196 1 0.572549 0.572549 0.572549 1 0.5921569 0.5921569 0.5921569 1 0.7333333 0.7333333 0.7333333 1 0.7254902 0.7254902 0.7254902 1 0.8823529 0.8823529 0.8823529 1 0.9058824 0.9058824 0.9058824 1 0.9058824 0.9058824 0.9058824 1 0.7450981 0.7450981 0.7450981 1 0.7450981 0.7450981 0.7450981 1 0.8666667 0.8666667 0.8666667 1 0.9019608 0.9019608 0.9019608 1 1 1 1 1 1 1 1 1 0.9019608 0.9019608 0.9019608 1 0.7490196 0.7490196 0.7490196 1 0.7176471 0.7176471 0.7176471 1 1 1 1 1 1 1 1 1 0.7490196 0.7490196 0.7490196 1 0.5921569 0.5921569 0.5921569 1 0.8666667 0.8666667 0.8666667 1 1 1 1 1 0.9019608 0.9019608 0.9019608 1 0.8980392 0.8980392 0.8980392 1 0.4313726 0.4313726 0.4313726 1 1 1 1 1 0.7294118 0.7294118 0.7294118 1 1 1 1 1 0.4392157 0.4392157 0.4392157 1 1 1 1 1 1 1 1 1 1 1 1 1 0.5882353 0.5882353 0.5882353 1 1 1 1 1 1 1 1 1 1 1 1 1 1 1 1 1 1 1 1 1 1 1 1 1 0.4313726 0.4313726 0.4313726 1 1 1 1 1 1 1 1 1 1 1 1 1 1 1 1 1 1 1 1 1 1 1 1 1 0.5882353 0.5882353 0.5882353 1 0.4392157 0.4392157 0.4392157 1 1 1 1 1 0.8823529 0.8823529 0.8823529 1 1 1 1 1 1 1 1 1 0.7490196 0.7490196 0.7490196 1 0.5882353 0.5882353 0.5882353 1 0.4313726 0.4313726 0.4313726 1 1 1 1 1 1 1 1 1 0.9019608 0.9019608 0.9019608 1 0.7490196 0.7490196 0.7490196 1 0.5882353 0.5882353 0.5882353 1 0.5960785 0.5960785 0.5960785 1 0.9647059 0.9647059 0.9647059 1 1 1 1 1 1 1 1 1 0.7490196 0.7490196 0.7490196 1 0.7450981 0.7450981 0.7450981 1 0.7450981 0.7450981 0.7450981 1 0.5882353 0.5882353 0.5882353 1 0.9647059 0.9647059 0.9647059 1 1 1 1 1 0.9019608 0.9019608 0.9019608 1 0.9058824 0.9058824 0.9058824 1 0.8980392 0.8980392 0.8980392 1 0.7490196 0.7490196 0.7490196 1 0.7450981 0.7450981 0.7450981 1 0.972549 0.972549 0.972549 1 1 1 1 1 1 1 1 1 0.9019608 0.9019608 0.9019608 1 0.9019608 0.9019608 0.9019608 1 0.9058824 0.9058824 0.9058824 1 0.9019608 0.9019608 0.9019608 1 1 1 1 1 1 1 1 1 1 1 1 1 1 1 1 1 1 1 1 1 1 1 1 1 1 1 1 1 1 1 1 1 1 1 1 1 1 1 1 1 1 1 1 1 1 1 1 1 1 1 1 1 1 1 1 1 1 1 1 1 1 1 1 1 1 1 1 1 0.9843137 0.9843137 0.9843137 1 1 1 1 1 1 1 1 1 1 1 1 1 1 1 1 1 1 1 1 1 1 1 1 1 1 1 1 1 0.9843137 0.9843137 0.9843137 1 0.945098 0.945098 0.945098 1 0.9882353 0.9882353 0.9882353 1 1 1 1 1 0.9803922 0.9803922 0.9803922 1 1 1 1 1 0.9882353 0.9882353 0.9882353 1 0.9411765 0.9411765 0.9411765 1 0.9019608 0.9019608 0.9019608 1 0.9803922 0.9803922 0.9803922 1 0.9882353 0.9882353 0.9882353 1 1 1 1 1 0.9921569 0.9921569 0.9921569 1 0.9411765 0.9411765 0.9411765 1 0.8862745 0.8862745 0.8862745 1 0.9058824 0.9058824 0.9058824 1 0.945098 0.945098 0.945098 1 0.9647059 0.9647059 0.9647059 1 0.972549 0.972549 0.972549 1 1 1 1 1 0.9921569 0.9921569 0.9921569 1 0.9411765 0.9411765 0.9411765 1 0.8666667 0.8666667 0.8666667 1 1 1 1 1 0.9098039 0.9098039 0.9098039 1 0.8980392 0.8980392 0.8980392 1 0.8784314 0.8784314 0.8784314 1 0.9921569 0.9921569 0.9921569 1 0.8627451 0.8627451 0.8627451 1 0.8901961 0.8901961 0.8901961 1 0.7803922 0.7803922 0.7803922 1 0.7647059 0.7647059 0.7647059 1 0.7450981 0.7450981 0.7450981 1 0.8666667 0.8666667 0.8666667 1 0.7254902 0.7254902 0.7254902 1 0.7176471 0.7176471 0.7176471 1 0.8666667 0.8666667 0.8666667 1 0.7607843 0.7607843 0.7607843 1 0.8431373 0.8431373 0.8431373 1 0.8666667 0.8666667 0.8666667 1 0.5411765 0.5411765 0.5411765 1 0.5607843 0.5607843 0.5607843 1 0.5372549 0.5372549 0.5372549 1 0.7254902 0.7254902 0.7254902 1 0.8784314 0.8784314 0.8784314 1 0.9843137 0.9843137 0.9843137 1 0.7137255 0.7137255 0.7137255 1 0.7607843 0.7607843 0.7607843 1 0.8627451 0.8627451 0.8627451 1 0.5411765 0.5411765 0.5411765 1 0.7450981 0.7450981 0.7450981 1 0.8941177 0.8941177 0.8941177 1 0.9921569 0.9921569 0.9921569 1 0.627451 0.627451 0.627451 1 0.6431373 0.6431373 0.6431373 1 0.7647059 0.7647059 0.7647059 1 0.5607843 0.5607843 0.5607843 1 0.7647059 0.7647059 0.7647059 1 0.9098039 0.9098039 0.9098039 1 0.9921569 0.9921569 0.9921569 1 0.6588235 0.6588235 0.6588235 1 0.7921569 0.7921569 0.7921569 1 0.5921569 0.5921569 0.5921569 1 0.7803922 0.7803922 0.7803922 1 0.8941177 0.8941177 0.8941177 1 0.945098 0.945098 0.945098 1 0.509804 0.509804 0.509804 1 0.6196079 0.6196079 0.6196079 1 0.7607843 0.7607843 0.7607843 1 0.7960784 0.7960784 0.7960784 1 0.6196079 0.6196079 0.6196079 1 0.7647059 0.7647059 0.7647059 1 0.8470588 0.8470588 0.8470588 1 0.8666667 0.8666667 0.8666667 1 0.4901961 0.4901961 0.4901961 1 0.6627451 0.6627451 0.6627451 1 0.7647059 0.7647059 0.7647059 1 0.6078432 0.6078432 0.6078432 1 0.7137255 0.7137255 0.7137255 1 0.7607843 0.7607843 0.7607843 1 0.4705882 0.4705882 0.4705882 1 0.3372549 0.3372549 0.3372549 1 0.3490196 0.3490196 0.3490196 1 0.5607843 0.5607843 0.5607843 1 0.6392157 0.6392157 0.6392157 1 0.5372549 0.5372549 0.5372549 1 0.5607843 0.5607843 0.5607843 1 0.6235294 0.6235294 0.6235294 1 0.4117647 0.4117647 0.4117647 1 0.4588235 0.4588235 0.4588235 1 0.6117647 0.6117647 0.6117647 1 0.4901961 0.4901961 0.4901961 1 0.509804 0.509804 0.509804 1 0.5058824 0.5058824 0.5058824 1 0.5176471 0.5176471 0.5176471 1 0.4705882 0.4705882 0.4705882 1 0.5058824 0.5058824 0.5058824 1 0.3294118 0.3294118 0.3294118 1 0.6196079 0.6196079 0.6196079 1 0.4117647 0.4117647 0.4117647 1 0.4901961 0.4901961 0.4901961 1 0.5372549 0.5372549 0.5372549 1 0.2352941 0.2352941 0.2352941 1 0.2 0.2 0.2 1 0.5921569 0.5921569 0.5921569 1 0.4627451 0.4627451 0.4627451 1 0.5490196 0.5490196 0.5490196 1 0.1411765 0.1411765 0.1411765 1 0.2941177 0.2941177 0.2941177 1 0.3529412 0.3529412 0.3529412 1 0.3372549 0.3372549 0.3372549 1 0.4823529 0.4823529 0.4823529 1 0.4901961 0.4901961 0.4901961 1 0.1372549 0.1372549 0.1372549 1 0.2 0.2 0.2 1 0.3098039 0.3098039 0.3098039 1 0.2313726 0.2313726 0.2313726 1 0.5450981 0.5450981 0.5450981 1 0.4823529 0.4823529 0.4823529 1 0.4666667 0.4666667 0.4666667 1 0.3686275 0.3686275 0.3686275 1 0.4039216 0.4039216 0.4039216 1 0.2352941 0.2352941 0.2352941 1 0.5960785 0.5960785 0.5960785 1 0.4588235 0.4588235 0.4588235 1 0.3294118 0.3294118 0.3294118 1 0.4588235 0.4588235 0.4588235 1 0.3058824 0.3058824 0.3058824 1 0.3686275 0.3686275 0.3686275 1 0.1411765 0.1411765 0.1411765 1 0.7490196 0.7490196 0.7490196 1 0.5882353 0.5882353 0.5882353 1 0.6862745 0.6862745 0.6862745 1 0.5843138 0.5843138 0.5843138 1 0.4117647 0.4117647 0.4117647 1 0.5843138 0.5843138 0.5843138 1 0.2313726 0.2313726 0.2313726 1 0.3686275 0.3686275 0.3686275 1 0.854902 0.854902 0.854902 1 0.7254902 0.7254902 0.7254902 1 0.7647059 0.7647059 0.7647059 1 0.6078432 0.6078432 0.6078432 1 0.7411765 0.7411765 0.7411765 1 0.5058824 0.5058824 0.5058824 1 0.6078432 0.6078432 0.6078432 1 0.4039216 0.4039216 0.4039216 1 0.3098039 0.3098039 0.3098039 1 0.945098 0.945098 0.945098 1 0.8627451 0.8627451 0.8627451 1 0.8901961 0.8901961 0.8901961 1 0.7568628 0.7568628 0.7568628 1 0.6313726 0.6313726 0.6313726 1 0.5372549 0.5372549 0.5372549 1 0.6313726 0.6313726 0.6313726 1 0.4588235 0.4588235 0.4588235 1 0.6 0.6 0.6 1 0.4117647 0.4117647 0.4117647 1 0.4588235 0.4588235 0.4588235 1 0.9647059 0.9647059 0.9647059 1 0.9803922 0.9803922 0.9803922 1 0.9058824 0.9058824 0.9058824 1 0.6509804 0.6509804 0.6509804 1 0.7686275 0.7686275 0.7686275 1 0.6509804 0.6509804 0.6509804 1 0.5490196 0.5490196 0.5490196 1 0.5882353 0.5882353 0.5882353 1 0.7490196 0.7490196 0.7490196 1 0.5058824 0.5058824 0.5058824 1 0.5843138 0.5843138 0.5843138 1 0.9137255 0.9137255 0.9137255 1 0.6313726 0.6313726 0.6313726 1 0.8 0.8 0.8 1 0.6313726 0.6313726 0.6313726 1 0.4901961 0.4901961 0.4901961 1 0.7294118 0.7294118 0.7294118 1 0.6862745 0.6862745 0.6862745 1 0.8509804 0.8509804 0.8509804 1 0.5372549 0.5372549 0.5372549 1 0.6078432 0.6078432 0.6078432 1 0.6235294 0.6235294 0.6235294 1 0.6235294 0.6235294 0.6235294 1 0.4666667 0.4666667 0.4666667 1 0.8627451 0.8627451 0.8627451 1 0.7647059 0.7647059 0.7647059 1 0.5843138 0.5843138 0.5843138 1 0.9411765 0.9411765 0.9411765 1 0.6509804 0.6509804 0.6509804 1 0.6470588 0.6470588 0.6470588 1 0.5176471 0.5176471 0.5176471 1 0.8117647 0.8117647 0.8117647 1 0.6156863 0.6156863 0.6156863 1 0.6156863 0.6156863 0.6156863 1 0.4823529 0.4823529 0.4823529 1 0.6078432 0.6078432 0.6078432 1 0.6313726 0.6313726 0.6313726 1 0.4901961 0.4901961 0.4901961 1 0.8313726 0.8313726 0.8313726 1 0.6039216 0.6039216 0.6039216 1 0.9215686 0.9215686 0.9215686 1 0.9411765 0.9411765 0.9411765 1 0.6039216 0.6039216 0.6039216 1 0.5960785 0.5960785 0.5960785 1 0.5450981 0.5450981 0.5450981 1 0.7411765 0.7411765 0.7411765 1 0.6235294 0.6235294 0.6235294 1 0.4627451 0.4627451 0.4627451 1 0.9921569 0.9921569 0.9921569 1 0.9843137 0.9843137 0.9843137 1 0.6078432 0.6078432 0.6078432 1 0.4823529 0.4823529 0.4823529 1 0.7647059 0.7647059 0.7647059 1 0.8862745 0.8862745 0.8862745 1 0.6156863 0.6156863 0.6156863 1 1 1 1 1 1 1 1 1 0.9960784 0.9960784 0.9960784 1 0.9019608 0.9019608 0.9019608 1 0.9803922 0.9803922 0.9803922 1 0.9647059 0.9647059 0.9647059 1 0.6470588 0.6470588 0.6470588 1 1 1 1 1 0.9843137 0.9843137 0.9843137 1 0.9098039 0.9098039 0.9098039 1 0.772549 0.772549 0.772549 1 0.9960784 0.9960784 0.9960784 1 0.9764706 0.9764706 0.9764706 1 0.6509804 0.6509804 0.6509804 1 1 1 1 1 0.9960784 0.9960784 0.9960784 1 0.9764706 0.9764706 0.9764706 1 0.8039216 0.8039216 0.8039216 1 0.6313726 0.6313726 0.6313726 1 1 1 1 1 0.972549 0.972549 0.972549 1 1 1 1 1 1 1 1 1 0.945098 0.945098 0.945098 1 0.9568627 0.9568627 0.9568627 1 0.9843137 0.9843137 0.9843137 1 0.6235294 0.6235294 0.6235294 1 0.9843137 0.9843137 0.9843137 1 1 1 1 1 1 1 1 1 1 1 1 1 1 1 1 1 1 1 1 1 0.854902 0.854902 0.854902 1 0.9215686 0.9215686 0.9215686 1 0.6156863 0.6156863 0.6156863 1 0.8117647 0.8117647 0.8117647 1 0.9215686 0.9215686 0.9215686 1 0.9921569 0.9921569 0.9921569 1 1 1 1 1 1 1 1 1 0.9960784 0.9960784 0.9960784 1 1 1 1 1 0.6078432 0.6078432 0.6078432 1 0.827451 0.827451 0.827451 1 0.9372549 0.9372549 0.9372549 1 0.9960784 0.9960784 0.9960784 1 1 1 1 1 1 1 1 1 1 1 1 1 1 1 1 1 0.9803922 0.9803922 0.9803922 1 1 1 1 1 0.9490196 0.9490196 0.9490196 1 0.9529412 0.9529412 0.9529412 1 1 1 1 1 1 1 1 1 1 1 1 1 0.9882353 0.9882353 0.9882353 1 0.945098 0.945098 0.945098 1 1 1 1 1 0.8509804 0.8509804 0.8509804 1 0.9529412 0.9529412 0.9529412 1 0.9607843 0.9607843 0.9607843 1 1 1 1 1 1 1 1 1 0.9686275 0.9686275 0.9686275 1 0.8901961 0.8901961 0.8901961 1 0.7490196 0.7490196 0.7490196 1 0.7137255 0.7137255 0.7137255 1 0.827451 0.827451 0.827451 1 1 1 1 1 1 1 1 1 0.9764706 0.9764706 0.9764706 1 0.9215686 0.9215686 0.9215686 1 0.5960785 0.5960785 0.5960785 1 0.6235294 0.6235294 0.6235294 1 0.827451 0.827451 0.827451 1 0.5960785 0.5960785 0.5960785 1 1 1 1 1 0.4039216 0.4039216 0.4039216 1 0.8117647 0.8117647 0.8117647 1 0.5254902 0.5254902 0.5254902 1 0.827451 0.827451 0.827451 1 1 1 1 1 0.3686275 0.3686275 0.3686275 1 0.7803922 0.7803922 0.7803922 1 0.8117647 0.8117647 0.8117647 1 0.4784314 0.4784314 0.4784314 1 0.3058824 0.3058824 0.3058824 1 1 1 1 1 1 1 1 1 0.7803922 0.7803922 0.7803922 1 0.9019608 0.9019608 0.9019608 1 0.7764706 0.7764706 0.7764706 1 0.7803922 0.7803922 0.7803922 1 0.7843137 0.7843137 0.7843137 1 0.5254902 0.5254902 0.5254902 1 0.7843137 0.7843137 0.7843137 1 0.3686275 0.3686275 0.3686275 1 1 1 1 1 1 1 1 1 0.9019608 0.9019608 0.9019608 1 1 1 1 1 0.9686275 0.9686275 0.9686275 1 0.9019608 0.9019608 0.9019608 1 0.7843137 0.7843137 0.7843137 1 0.8117647 0.8117647 0.8117647 1 0.4039216 0.4039216 0.4039216 1 1 1 1 1 0.9686275 0.9686275 0.9686275 1 0.9019608 0.9019608 0.9019608 1 0.9019608 0.9019608 0.9019608 1 1 1 1 1 0.8117647 0.8117647 0.8117647 1 0.9176471 0.9176471 0.9176471 1 0.6235294 0.6235294 0.6235294 1 0.8862745 0.8862745 0.8862745 1 0.6 0.6 0.6 1 1 1 1 1 1 1 1 1 0.9764706 0.9764706 0.9764706 1 1 1 1 1 0.9686275 0.9686275 0.9686275 1 0.7098039 0.7098039 0.7098039 1 0.7490196 0.7490196 0.7490196 1 1 1 1 1 1 1 1 1 1 1 1 1 1 1 1 1 1 1 1 1 1 1 1 1 0.8509804 0.8509804 0.8509804 1 0.8509804 0.8509804 0.8509804 1 1 1 1 1 1 1 1 1 1 1 1 1 1 1 1 1 0.9215686 0.9215686 0.9215686 1 0.945098 0.945098 0.945098 1 1 1 1 1 0.9960784 0.9960784 0.9960784 1 1 1 1 1 1 1 1 1 0.9568627 0.9568627 0.9568627 1 0.9803922 0.9803922 0.9803922 1 0.9882353 0.9882353 0.9882353 1 1 1 1 1 0.9843137 0.9843137 0.9843137 1 1 1 1 1 1 1 1 1 1 1 1 1 1 1 1 1 1 1 1 1 0.9686275 0.9686275 0.9686275 1 1 1 1 1 1 1 1 1 1 1 1 1 1 1 1 1 0.7450981 0.7450981 0.7450981 1 0.7450981 0.7450981 0.7450981 1 0.7450981 0.7450981 0.7450981 1 0.7450981 0.7450981 0.7450981 1 0.7450981 0.7450981 0.7450981 1 0.6196079 0.6196079 0.6196079 1 0.7450981 0.7450981 0.7450981 1 0.7568628 0.7568628 0.7568628 1 0.7450981 0.7450981 0.7450981 1 0.7411765 0.7411765 0.7411765 1 0.7411765 0.7411765 0.7411765 1 0.7372549 0.7372549 0.7372549 1 0.654902 0.654902 0.654902 1 0.7411765 0.7411765 0.7411765 1 0.7411765 0.7411765 0.7411765 1 0.7411765 0.7411765 0.7411765 1 0.7411765 0.7411765 0.7411765 1 0.7294118 0.7294118 0.7294118 1 0.6039216 0.6039216 0.6039216 1 0.7333333 0.7333333 0.7333333 1 0.7215686 0.7215686 0.7215686 1 0.7333333 0.7333333 0.7333333 1 0.7333333 0.7333333 0.7333333 1 0.7333333 0.7333333 0.7333333 1 0.7333333 0.7333333 0.7333333 1 0.7294118 0.7294118 0.7294118 1 0.7294118 0.7294118 0.7294118 1 0.7333333 0.7333333 0.7333333 1 0.7333333 0.7333333 0.7333333 1 0.7450981 0.7450981 0.7450981 1 0.9764706 0.9764706 0.9764706 1 0.9843137 0.9843137 0.9843137 1 0.972549 0.972549 0.972549 1 0.9960784 0.9960784 0.9960784 1 0.9960784 0.9960784 0.9960784 1 0.9960784 0.9960784 0.9960784 1 0.9960784 0.9960784 0.9960784 1 0.9960784 0.9960784 0.9960784 1 0.9843137 0.9843137 0.9843137 1 1 1 1 1 1 1 1 1 0.9921569 0.9921569 0.9921569 1 1 1 1 1 0.9098039 0.9098039 0.9098039 1 0.9254902 0.9254902 0.9254902 1 0.9490196 0.9490196 0.9490196 1 1 1 1 1 1 1 1 1 1 1 1 1 1 1 1 1 1 1 1 1 1 1 1 1 0.9333333 0.9333333 0.9333333 1 0.9254902 0.9254902 0.9254902 1 0.5137255 0.5137255 0.5137255 1 0.5058824 0.5058824 0.5058824 1 0.9294118 0.9294118 0.9294118 1 1 1 1 1 1 1 1 1 1 1 1 1 1 1 1 1 1 1 1 1 0.9254902 0.9254902 0.9254902 1 0.4588235 0.4588235 0.4588235 1 0.5137255 0.5137255 0.5137255 1 0.5137255 0.5137255 0.5137255 1 0.9960784 0.9960784 0.9960784 1 1 1 1 1 0.9960784 0.9960784 0.9960784 1 1 1 1 1 0.4431373 0.4431373 0.4431373 1 0.4941176 0.4941176 0.4941176 1 0.9019608 0.9019608 0.9019608 1 0.5137255 0.5137255 0.5137255 1 1 1 1 1 1 1 1 1 0.9921569 0.9921569 0.9921569 1 1 1 1 1 0.9019608 0.9019608 0.9019608 1 0.4117647 0.4117647 0.4117647 1 0.454902 0.454902 0.454902 1 0.9647059 0.9647059 0.9647059 1 1 1 1 1 1 1 1 1 0.9686275 0.9686275 0.9686275 1 0.9921569 0.9921569 0.9921569 1 1 1 1 1 0.9882353 0.9882353 0.9882353 1 0.3960784 0.3960784 0.3960784 1 0.9333333 0.9333333 0.9333333 1 0.4039216 0.4039216 0.4039216 1 1 1 1 1 1 1 1 1 1 1 1 1 1 1 1 1 0.9098039 0.9098039 0.9098039 1 0.4862745 0.4862745 0.4862745 1 0.9176471 0.9176471 0.9176471 1 0.3686275 0.3686275 0.3686275 1 1 1 1 1 1 1 1 1 0.9921569 0.9921569 0.9921569 1 0.3960784 0.3960784 0.3960784 1 0.3803922 0.3803922 0.3803922 1 0.945098 0.945098 0.945098 1 0.9529412 0.9529412 0.9529412 1 1 1 1 1 1 1 1 1 0.9960784 0.9960784 0.9960784 1 0.9764706 0.9764706 0.9764706 1 0.3764706 0.3764706 0.3764706 1 0.9372549 0.9372549 0.9372549 1 1 1 1 1 1 1 1 1 1 1 1 1 0.3647059 0.3647059 0.3647059 1 0.9411765 0.9411765 0.9411765 1 1 1 1 1 1 1 1 1 1 1 1 1 1 1 1 1 0.9686275 0.9686275 0.9686275 1 0.372549 0.372549 0.372549 1 1 1 1 1 0.9529412 0.9529412 0.9529412 1 1 1 1 1 1 1 1 1 0.9960784 0.9960784 0.9960784 1 1 1 1 1 0.9176471 0.9176471 0.9176471 1 0.972549 0.972549 0.972549 1 0.4117647 0.4117647 0.4117647 1 0.9372549 0.9372549 0.9372549 1 1 1 1 1 1 1 1 1 0.9960784 0.9960784 0.9960784 1 0.9921569 0.9921569 0.9921569 1 0.9843137 0.9843137 0.9843137 1 0.9019608 0.9019608 0.9019608 1 0.9764706 0.9764706 0.9764706 1 0.4039216 0.4039216 0.4039216 1 0.454902 0.454902 0.454902 1 1 1 1 1 1 1 1 1 1 1 1 1 0.9764706 0.9764706 0.9764706 1 0.9882353 0.9882353 0.9882353 1 0.4313726 0.4313726 0.4313726 1 0.9647059 0.9647059 0.9647059 1 0.5058824 0.5058824 0.5058824 1 0.9294118 0.9294118 0.9294118 1 1 1 1 1 0.9960784 0.9960784 0.9960784 1 1 1 1 1 0.9843137 0.9843137 0.9843137 1 0.9960784 0.9960784 0.9960784 1 0.5176471 0.5176471 0.5176471 1 1 1 1 1 1 1 1 1 1 1 1 1 1 1 1 1 1 1 1 1 1 1 1 1 1 1 1 1 0.9960784 0.9960784 0.9960784 1 1 1 1 1 0.9490196 0.9490196 0.9490196 1 0.9215686 0.9215686 0.9215686 1 0.9098039 0.9098039 0.9098039 1 0.9921569 0.9921569 0.9921569 1 1 1 1 1 0.9254902 0.9254902 0.9254902 1 0.9333333 0.9333333 0.9333333 1 0.5058824 0.5058824 0.5058824 1 0.5137255 0.5137255 0.5137255 1 0.5137255 0.5137255 0.5137255 1 0.8980392 0.8980392 0.8980392 1 0.9254902 0.9254902 0.9254902 1 0.4627451 0.4627451 0.4627451 1 0.4901961 0.4901961 0.4901961 1 0.5019608 0.5019608 0.5019608 1 0.9254902 0.9254902 0.9254902 1 0.5372549 0.5372549 0.5372549 1 0.5058824 0.5058824 0.5058824 1 0.9058824 0.9058824 0.9058824 1 0.772549 0.772549 0.772549 1 0.9372549 0.9372549 0.9372549 1 0.772549 0.772549 0.772549 1 0.9333333 0.9333333 0.9333333 1 0.4392157 0.4392157 0.4392157 1 0.5215687 0.5215687 0.5215687 1 0.9215686 0.9215686 0.9215686 1 0.772549 0.772549 0.772549 1 0.7411765 0.7411765 0.7411765 1 0.7372549 0.7372549 0.7372549 1 0.772549 0.772549 0.772549 1 0.7411765 0.7411765 0.7411765 1 0.4 0.4 0.4 1 0.772549 0.772549 0.772549 1 0.9019608 0.9019608 0.9019608 1 0.5176471 0.5176471 0.5176471 1 0.8862745 0.8862745 0.8862745 1 0.772549 0.772549 0.772549 1 0.7411765 0.7411765 0.7411765 1 0.7294118 0.7294118 0.7294118 1 0.8196079 0.8196079 0.8196079 1 0.3529412 0.3529412 0.3529412 1 0.7450981 0.7450981 0.7450981 1 0.772549 0.772549 0.772549 1 0.772549 0.772549 0.772549 1 0.8901961 0.8901961 0.8901961 1 0.4784314 0.4784314 0.4784314 1 0.772549 0.772549 0.772549 1 0.7215686 0.7215686 0.7215686 1 0.8980392 0.8980392 0.8980392 1 0.3764706 0.3764706 0.3764706 1 0.6196079 0.6196079 0.6196079 1 0.7450981 0.7450981 0.7450981 1 0.772549 0.772549 0.772549 1 0.7450981 0.7450981 0.7450981 1 0.4352941 0.4352941 0.4352941 1 0.7333333 0.7333333 0.7333333 1 0.772549 0.772549 0.772549 1 0.8666667 0.8666667 0.8666667 1 0.3607843 0.3607843 0.3607843 1 0.7568628 0.7568628 0.7568628 1 0.772549 0.772549 0.772549 1 0.4039216 0.4039216 0.4039216 1 0.8784314 0.8784314 0.8784314 1 0.7333333 0.7333333 0.7333333 1 0.772549 0.772549 0.772549 1 0.8941177 0.8941177 0.8941177 1 0.2 0.2 0.2 1 0.7450981 0.7450981 0.7450981 1 0.8627451 0.8627451 0.8627451 1 0.4 0.4 0.4 1 0.8666667 0.8666667 0.8666667 1 0.7647059 0.7647059 0.7647059 1 0.7294118 0.7294118 0.7294118 1 0.7686275 0.7686275 0.7686275 1 0.772549 0.772549 0.772549 1 0.3490196 0.3490196 0.3490196 1 0.8235294 0.8235294 0.8235294 1 0.7450981 0.7450981 0.7450981 1 0.4039216 0.4039216 0.4039216 1 0.7607843 0.7607843 0.7607843 1 0.8666667 0.8666667 0.8666667 1 0.7333333 0.7333333 0.7333333 1 0.772549 0.772549 0.772549 1 0.9019608 0.9019608 0.9019608 1 0.7450981 0.7450981 0.7450981 1 0.3960784 0.3960784 0.3960784 1 0.4392157 0.4392157 0.4392157 1 0.7450981 0.7450981 0.7450981 1 0.7568628 0.7568628 0.7568628 1 0.8862745 0.8862745 0.8862745 1 0.7450981 0.7450981 0.7450981 1 0.772549 0.772549 0.772549 1 0.9333333 0.9333333 0.9333333 1 0.4352941 0.4352941 0.4352941 1 0.8627451 0.8627451 0.8627451 1 0.4039216 0.4039216 0.4039216 1 0.7607843 0.7607843 0.7607843 1 0.7333333 0.7333333 0.7333333 1 0.7411765 0.7411765 0.7411765 1 0.772549 0.772549 0.772549 1 0.9411765 0.9411765 0.9411765 1 0.5372549 0.5372549 0.5372549 1 0.8705882 0.8705882 0.8705882 1 0.3960784 0.3960784 0.3960784 1 0.7647059 0.7647059 0.7647059 1 0.7294118 0.7294118 0.7294118 1 0.654902 0.654902 0.654902 1 0.772549 0.772549 0.772549 1 0.9254902 0.9254902 0.9254902 1 0.5019608 0.5019608 0.5019608 1 0.8627451 0.8627451 0.8627451 1 0.4078431 0.4078431 0.4078431 1 0.7333333 0.7333333 0.7333333 1 0.7686275 0.7686275 0.7686275 1 0.7411765 0.7411765 0.7411765 1 0.772549 0.772549 0.772549 1 0.9058824 0.9058824 0.9058824 1 0.5058824 0.5058824 0.5058824 1 0.772549 0.772549 0.772549 1 0.8823529 0.8823529 0.8823529 1 0.4392157 0.4392157 0.4392157 1 0.7333333 0.7333333 0.7333333 1 0.7411765 0.7411765 0.7411765 1 0.772549 0.772549 0.772549 1 0.8862745 0.8862745 0.8862745 1 0.5176471 0.5176471 0.5176471 1 0.772549 0.772549 0.772549 1 0.8941177 0.8941177 0.8941177 1 0.4823529 0.4823529 0.4823529 1 0.7333333 0.7333333 0.7333333 1 0.6039216 0.6039216 0.6039216 1 0.772549 0.772549 0.772549 1 0.8862745 0.8862745 0.8862745 1 0.5176471 0.5176471 0.5176471 1</float_array>
          <technique_common>
            <accessor source="#SkateShoes__SkateShoesMat00-color-array" count="833" stride="4">
              <param name="R" type="float" />
              <param name="G" type="float" />
              <param name="B" type="float" />
              <param name="A" type="float" />
            </accessor>
          </technique_common>
        </source>
        <source id="SkateShoes__SkateShoesMat00-texcoord">
          <float_array id="SkateShoes__SkateShoesMat00-texcoord-array" count="1666">0.9906774 0.9578809 0.9906774 0.9521681 0.9906774 0.9627259 0.9906775 0.9712673 0.9906775 0.9745299 0.9906774 0.9403641 0.9906774 0.9436268 0.9906774 0.9627259 0.9906774 0.9521681 0.9906775 0.9712673 0.9906774 0.9436268 0.7277978 0.9721885 0.7277979 0.9693732 0.7277979 0.9620025 0.7277979 0.9455209 0.7277979 0.9528916 0.7277979 0.9620025 0.7277979 0.9693732 0.7277979 0.9528916 0.7277979 0.9455209 0.636544 0.957447 0.636544 0.9489966 0.636544 0.9530043 0.636544 0.957447 0.636544 0.9658975 0.6365439 0.9618897 0.6365439 0.9711201 0.636544 0.969078 0.7277979 0.9427055 0.5181837 0.957447 0.5181837 0.9528916 0.5181837 0.9693732 0.5181837 0.9661118 0.5181836 0.9620025 0.6365439 0.9711201 0.636544 0.9718238 0.5181837 0.9714671 0.636544 0.9437739 0.636544 0.945816 0.09912026 0.972455 0.0991202 0.9702137 0.0991202 0.9667225 0.636544 0.9658975 0.636544 0.969078 0.5181836 0.9721885 0.5181837 0.9487821 0.5181837 0.9455209 0.03207481 0.9739336 0.03207475 0.9714714 0.6365439 0.9618897 0.5181837 0.9714671 0.5181837 0.9693732 0.0991202 0.957447 0.0991202 0.9525706 0.5181836 0.9620025 0.5181837 0.9661118 0.09912026 0.9732274 0.0991202 0.9623234 0.03207475 0.9628039 0.03207475 0.957447 0.03207475 0.9520902 0.0991202 0.9481715 0.0991202 0.9667225 0.03207481 0.974782 0.03207475 0.9676363 0.008531451 0.9633705 0.008531392 0.957447 0.03207475 0.9714714 0.0991202 0.9702137 0.09912026 0.972455 0.008531451 0.976616 0.008531451 0.9756778 0.0991202 0.9446804 0.5181837 0.943427 0.03207481 0.9739336 0.008531332 0.972955 0.03207475 0.9676363 0.03207475 0.9472577 0.636544 0.9430704 0.008531451 0.9756778 0.0991202 0.9623234 0.008531421 0.9515235 0.636544 0.9437739 0.03207481 0.9784499 0.03207475 0.9774219 0.008531332 0.972955 0.5181837 0.957447 0.03207481 0.9639372 0.03207475 0.957447 0.0991205 0.9800047 0.03207475 0.9774219 0.03207469 0.9744387 0.008531451 0.9687143 0.636544 0.9530043 0.03207481 0.9697922 0.09912044 0.9789006 0.03207469 0.9744387 0.008531451 0.9687143 0.09912044 0.9789006 0.0991205 0.9756966 0.5181837 0.9528916 0.636544 0.9489966 0.0991205 0.9707061 0.03207475 0.9628039 0.1994613 0.9798885 0.1994613 0.9765369 0.0991202 0.957447 0.5181837 0.9487821 0.636544 0.945816 0.09912044 0.9644177 0.1994613 0.9810434 0.03207475 0.957447 0.0991202 0.9525706 0.5181837 0.9455209 0.5181837 0.943427 0.3178213 0.9814083 0.1994613 0.9798885 0.0991205 0.9756966 0.0991202 0.9481715 0.0991202 0.9446804 0.0991202 0.942439 0.5181837 0.9427055 0.3178213 0.9802355 0.03207481 0.9697922 0.03207475 0.9520902 0.03207475 0.9472577 0.03207475 0.9434226 0.0991202 0.942439 0.0991202 0.9416666 0.3178213 0.9768321 0.1994613 0.9713166 0.008531451 0.9633705 0.03207475 0.9434226 0.03207478 0.9409603 0.03207478 0.9401119 0.03207478 0.9409603 0.03207481 0.9639372 0.008531392 0.957447 0.008531392 0.9419391 0.008531451 0.9392163 0.008531392 0.9419391 0.008531451 0.9392163 0.008531392 0.9461798 0.0991205 0.9707061 0.008531421 0.9515235 0.008531392 0.9461798 0.03207475 0.9451018 0.03207475 0.9404554 0.03207475 0.9509568 0.1994613 0.9765369 0.03207475 0.957447 0.03207475 0.9509568 0.09912047 0.9504763 0.09912044 0.9441879 0.09912044 0.957447 0.03207475 0.9451018 0.03207475 0.9404554 0.09912044 0.957447 0.09912044 0.9644177 0.1994613 0.9647387 0.09912047 0.9504763 0.09912044 0.9441879 0.09912044 0.9391975 0.03207475 0.937472 0.008531392 0.9382781 0.3178214 0.9715311 0.1994613 0.957447 0.1994613 0.9501553 0.1994613 0.9435773 0.09912044 0.9359934 0.03207475 0.9364441 0.03207475 0.937472 0.1994613 0.9713166 0.3178213 0.957447 0.3178213 0.9500425 0.09912047 0.9348894 0.09912044 0.9359934 0.09912044 0.9391975 0.3178213 0.9802355 0.3178213 0.9768321 0.1994613 0.9647387 0.3178213 0.9648514 0.1994613 0.9435773 0.1994613 0.9383571 0.1994613 0.957447 0.4361814 0.9647387 0.4361814 0.9713166 0.4361814 0.9765369 0.1994613 0.9501553 0.4361814 0.9810434 0.4361814 0.957447 0.5365222 0.9644178 0.5365222 0.9707061 0.5365222 0.9756966 0.4361814 0.9798885 0.5365222 0.9789006 0.5365222 0.9800047 0.4361814 0.9798885 0.5365222 0.957447 0.4361814 0.9501553 0.3178213 0.943363 0.6035677 0.977422 0.6035677 0.9744387 0.6035677 0.9784499 0.5365222 0.9789006 0.4361814 0.9765369 0.3178214 0.9715311 0.5365222 0.9504763 0.4361813 0.9435773 0.1994613 0.9383571 0.6035677 0.977422 0.5365222 0.9756966 0.4361814 0.9713166 0.3178213 0.9648514 0.5365222 0.9441881 0.4361814 0.9383571 0.3178213 0.938062 0.6035677 0.9744387 0.5365222 0.9707061 0.4361814 0.9647387 0.3178213 0.957447 0.3178213 0.9346586 0.1994613 0.9350054 0.6035677 0.9697922 0.5365222 0.9644178 0.4361814 0.957447 0.3178213 0.9500425 0.4361814 0.9350054 0.3178213 0.9334857 0.1994613 0.9338505 0.1994613 0.9350054 0.6035677 0.9639373 0.5365222 0.957447 0.4361814 0.9501553 0.3178213 0.943363 0.5365222 0.9391975 0.3178213 0.9346586 0.3178213 0.938062 0.6035677 0.9574471 0.5365222 0.9504763 0.4361813 0.9435773 0.6035677 0.9451019 0.6035677 0.9404553 0.5365222 0.9359935 0.6035677 0.9509568 0.4361814 0.9383571 0.6263742 0.9574471 0.6035677 0.9509568 0.5365222 0.9441881 0.6225515 0.945971 0.4361814 0.9338505 0.6035677 0.9574471 0.5365222 0.9391975 0.4361814 0.9350054 0.6217855 0.9514173 0.6219221 0.9634955 0.6035677 0.9451019 0.6217855 0.9514173 0.6265304 0.9414186 0.6035677 0.9639373 0.6225515 0.945971 0.6141508 0.9690839 0.6263742 0.9574471 0.625398 0.9390893 0.6035677 0.9374721 0.6035677 0.9697922 0.6137625 0.9735789 0.6219221 0.9634955 0.6238714 0.9380257 0.5365222 0.9348894 0.5365222 0.9359935 0.6035677 0.9404553 0.6192897 0.9765034 0.6141508 0.9690839 0.6035677 0.9364442 0.6035677 0.9374721 0.6265304 0.9414186 0.625398 0.9390893 0.6174127 0.9773715 0.6192897 0.9765034 0.6137625 0.9735789 0.2591726 0.8585869 0.2592253 0.8583958 0.2582589 0.8562175 0.259338 0.8581746 0.2591726 0.8585869 0.2582589 0.8562175 0.2582727 0.8561696 0.2582727 0.8561696 0.2582727 0.8561696 0.2582589 0.8562175 0.2592614 0.8578537 0.2593981 0.8581444 0.2595184 0.8580842 0.2594638 0.8585869 0.2586063 0.8562182 0.258782 0.8561696 0.2582589 0.8562175 0.2582727 0.8561696 0.2592449 0.8575028 0.2593857 0.8578812 0.2594941 0.8577935 0.2595917 0.8584613 0.2596006 0.8580115 0.2589693 0.8562059 0.2590396 0.8561696 0.2592253 0.8583958 0.2582589 0.8562175 0.2591554 0.8571759 0.2593574 0.8575028 0.2594699 0.8575028 0.259695 0.8580842 0.259744 0.8585869 0.2592738 0.856199 0.2592971 0.8561696 0.2591726 0.8585869 0.259338 0.8581746 0.2586063 0.8562182 0.2582727 0.8561696 0.2594252 0.8570387 0.259695 0.8569014 0.259695 0.8575028 0.2598914 0.8585869 0.2598353 0.8580842 0.2596013 0.8561696 0.259595 0.8562017 0.2593981 0.8581444 0.2592614 0.8578537 0.2589693 0.8562059 0.258782 0.8561696 0.2598872 0.8575028 0.2599766 0.8585869 0.2599973 0.8580842 0.2597769 0.8561696 0.259806 0.8562065 0.2593857 0.8578812 0.2595184 0.8580842 0.2592449 0.8575028 0.2592738 0.856199 0.2590396 0.8561696 0.2600811 0.8585869 0.259956 0.8561696 0.2600287 0.8562068 0.2593574 0.8575028 0.2594941 0.8577935 0.2594638 0.8585869 0.2591554 0.8571759 0.2596013 0.8561696 0.2592971 0.8561696 0.259595 0.8562017 0.2601257 0.8580842 0.2601855 0.8585869 0.2601352 0.8561696 0.2601513 0.8562045 0.2595917 0.8584613 0.2597769 0.8561696 0.259806 0.8562065 0.2602541 0.8580842 0.2601855 0.8585869 0.2600793 0.8575028 0.2602331 0.8575028 0.2601352 0.8561696 0.2601352 0.8561696 0.2601513 0.8562045 0.2596006 0.8580115 0.259956 0.8561696 0.2600287 0.8562068 0.2601146 0.8569753 0.2599048 0.8569384 0.2601352 0.8561696 0.2601507 0.8562033 0.259695 0.8580842 0.2594699 0.8575028 0.2601352 0.8561696 0.2599101 0.856588 0.2601253 0.8566177 0.259695 0.8565582 0.259695 0.8575028 0.259695 0.8569014 0.2594252 0.8570387 0.259744 0.8585869 0.2602933 0.8566177 0.2593787 0.8566815 0.2598872 0.8575028 0.2598353 0.8580842 0.259695 0.8565582 0.2593787 0.8566815 0.2598914 0.8585869 0.2604613 0.8566177 0.2602793 0.8569753 0.2590837 0.8567735 0.2599973 0.8580842 0.2599766 0.8585869 0.2599101 0.856588 0.2590837 0.8567735 0.260444 0.8569753 0.2604613 0.8566177 0.2603869 0.8575028 0.2587787 0.8574946 0.2587403 0.8569951 0.2600811 0.8585869 0.2599048 0.8569384 0.2601253 0.8566177 0.260444 0.8569753 0.260444 0.8569753 0.2604613 0.8566177 0.258422 0.8569037 0.2592449 0.8575028 0.2588523 0.8578609 0.2601855 0.8585869 0.2601257 0.8580842 0.2600793 0.8575028 0.2601146 0.8569753 0.2602933 0.8566177 0.2604613 0.8566177 0.2584266 0.8574787 0.2580885 0.8568774 0.2601855 0.8585869 0.2602541 0.8580842 0.2602331 0.8575028 0.2602793 0.8569753 0.2604613 0.8566177 0.260444 0.8569753 0.260444 0.8569753 0.2580664 0.8574476 0.2584597 0.8582191 0.2579744 0.8568088 0.2603869 0.8575028 0.2603869 0.8575028 0.2579691 0.8573383 0.2579664 0.8580132 0.2580234 0.8582102 0.2581677 0.8585629 0.2585236 0.8585683 0.2578603 0.85674 0.2590651 0.8580328 0.2603869 0.8575028 0.2603869 0.8575028 0.2580704 0.858464 0.2581744 0.8589148 0.258312 0.8589157 0.2585874 0.8589175 0.2592614 0.8578537 0.2592376 0.8581113 0.2602541 0.8580842 0.257973 0.8583649 0.2580367 0.8589139 0.2583282 0.8591335 0.2584578 0.8590255 0.259338 0.8581746 0.2592779 0.8582046 0.2602541 0.8580842 0.2601855 0.8585869 0.2579094 0.857816 0.2592253 0.8583958 0.2587031 0.8588468 0.259164 0.8584197 0.2602541 0.8580842 0.2578717 0.8572291 0.2591726 0.8585869 0.2588187 0.8587761 0.2586328 0.8589394 0.25905 0.8586346 0.2591726 0.8585869 0.2578068 0.8572357 0.2577971 0.8567375 0.2586782 0.8589612 0.2584708 0.8590744 0.258769 0.859005 0.2587484 0.8588687 0.2587484 0.8588687 0.259164 0.8584197 0.2588187 0.8587761 0.2591726 0.8585869 0.2578 0.8572559 0.2577936 0.8567479 0.2585499 0.8590654 0.2581824 0.8590237 0.2583308 0.8591259 0.258439 0.8590994 0.2586782 0.8589612 0.2587031 0.8588468 0.2592253 0.8583958 0.2577971 0.8567375 0.2583334 0.8591182 0.258439 0.8590994 0.2584708 0.8590744 0.2580367 0.8589139 0.2586328 0.8589394 0.2584578 0.8590255 0.2592779 0.8582046 0.2585874 0.8589175 0.259338 0.8581746 0.2578068 0.8572357 0.2578603 0.85674 0.2583282 0.8591335 0.2579351 0.8583916 0.258312 0.8589157 0.2592376 0.8581113 0.2592614 0.8578537 0.2578717 0.8572291 0.2579691 0.8573383 0.2579744 0.8568088 0.2579266 0.8584168 0.2578335 0.8578695 0.2580367 0.8589139 0.2590651 0.8580328 0.2592449 0.8575028 0.2579094 0.857816 0.2580664 0.8574476 0.2580885 0.8568774 0.258185 0.8590161 0.2588523 0.8578609 0.2585236 0.8585683 0.2578335 0.8578695 0.2584266 0.8574787 0.258422 0.8569037 0.257827 0.8578888 0.2587787 0.8574946 0.2584597 0.8582191 0.2581677 0.8585629 0.2581744 0.8589148 0.2587403 0.8569951 0.2578162 0.8579204 0.2580234 0.8582102 0.2580704 0.858464 0.2580367 0.8589139 0.2581824 0.8590237 0.2583308 0.8591259 0.2579664 0.8580132 0.2579351 0.8583916 0.257973 0.8583649 0.2580367 0.8589139 0.05673814 -0.2222629 0.05673814 0.2331511 0.09947413 -0.2976538 0.01492101 0.1196167 0.01492101 -0.1087284 0.09947416 0.3085421 0.1645919 -0.3668164 0.006879687 0.005444169 0.1645919 0.3777047 0.2527245 0.4123465 0.2527245 -0.4014581 0.3464313 0.4133655 0.3464313 -0.4024771 0.4580858 0.3962884 0.4580858 -0.3854002 0.590729 0.3753425 0.590729 -0.3644543 0.7138538 0.3652276 0.7138538 -0.3543394 0.7997531 -0.3444248 0.7997532 0.3553132 0.8692153 0.3230228 0.8692153 -0.3121345 0.9276927 0.271037 0.9276927 -0.2601488 0.9744834 0.1926903 0.9744834 -0.181802 1.000004 0.1066097 1.000004 -0.09572136 1.00688 0.005444169 1.626376 0.8757455 1.623541 0.7605322 1.526149 0.8761448 1.719902 0.8758332 1.721031 0.7605322 1.618965 0.7135128 1.514981 0.7135128 1.522257 0.7605322 1.42702 0.8730649 1.799866 0.8758332 1.801475 0.7605322 1.719626 0.7135128 1.797758 0.7135128 1.619022 0.676127 1.505668 0.6758868 1.41025 0.6758868 1.414976 0.7135128 1.420979 0.7605322 1.330993 0.8730996 1.881016 0.7605322 1.885588 0.8758332 1.872328 0.7135128 1.85599 0.676127 1.788931 0.676127 1.616395 0.6705266 1.507387 0.6705266 1.33017 0.6758868 1.32994 0.7135128 1.331181 0.7605322 1.227418 0.8743938 1.948748 0.7605322 1.95147 0.8758332 1.910661 0.676127 1.846417 0.6705266 1.717581 0.6705266 1.415627 0.6705266 1.229657 0.7605322 1.145321 0.8745074 1.99926 0.7605322 2.001515 0.8758332 1.895156 0.6705266 1.785236 0.6705266 1.718462 0.676127 1.338618 0.6705266 1.156841 0.7605322 1.088832 0.874621 2.028953 0.7605322 2.035313 0.8758332 1.951107 0.676127 1.934702 0.6705266 1.265412 0.6705266 1.253356 0.6758868 1.100612 0.7605322 1.054619 0.8745304 2.008594 0.7135128 2.040027 0.7605322 2.046363 0.8758332 1.934993 0.7135128 1.965579 0.6705266 1.193485 0.6758868 1.207062 0.6705266 1.237337 0.7135128 1.068062 0.7605322 1.046363 0.8745277 2.035313 0.8758332 1.988111 0.676127 1.9746 0.6705266 1.98334 0.676127 1.171809 0.6705266 1.17773 0.7135128 2.001515 0.8758332 2.028953 0.7605322 1.965579 0.6705266 1.133886 0.6705266 1.118672 0.6758868 1.147286 0.6758868 1.121922 0.7135128 1.95147 0.8758332 1.99926 0.7605322 1.978862 0.7135128 1.128651 0.6705266 1.110444 0.6758868 1.089878 0.7135128 1.885588 0.8758332 1.948748 0.7605322 1.133886 0.6705266 1.118672 0.6758868 1.081645 0.7135128 1.05993 0.7605322 1.799866 0.8758332 1.881016 0.7605322 2.016161 0.7135128 1.171809 0.6705266 1.089878 0.7135128 1.147286 0.6758868 1.068062 0.7605322 1.054619 0.8745304 1.719902 0.8758332 1.801475 0.7605322 1.98334 0.676127 2.008594 0.7135128 1.207062 0.6705266 1.193485 0.6758868 1.100612 0.7605322 1.088832 0.874621 1.721031 0.7605322 1.623541 0.7605322 1.626376 0.8757455 1.951107 0.676127 1.978862 0.7135128 1.934702 0.6705266 1.265412 0.6705266 1.121922 0.7135128 1.156841 0.7605322 1.145321 0.8745074 1.526149 0.8761448 1.934993 0.7135128 1.895156 0.6705266 1.253356 0.6758868 1.338618 0.6705266 1.33017 0.6758868 1.17773 0.7135128 1.229657 0.7605322 1.227418 0.8743938 1.42702 0.8730649 1.522257 0.7605322 1.415627 0.6705266 1.237337 0.7135128 1.32994 0.7135128 1.331181 0.7605322 1.330993 0.8730996 1.420979 0.7605322 1.414976 0.7135128 1.514981 0.7135128 1.618965 0.7135128 1.872328 0.7135128 1.41025 0.6758868 1.505668 0.6758868 1.619022 0.676127 1.719626 0.7135128 1.797758 0.7135128 1.910661 0.676127 1.85599 0.676127 1.507387 0.6705266 1.616395 0.6705266 1.717581 0.6705266 1.718462 0.676127 1.788931 0.676127 1.846417 0.6705266 1.785236 0.6705266 0.3426201 0.6398708 0.340167 0.6229714 0.2527158 0.6398708 0.4497442 0.6398708 0.4489622 0.6229714 0.3475616 0.5269844 0.24886 0.6229714 0.4513269 0.5270997 0.1617481 0.6229714 0.1672527 0.6398708 0.577005 0.6398708 0.5782084 0.6229714 0.5746161 0.5271791 0.4519147 0.4776527 0.3493847 0.4776527 0.2605352 0.5265996 0.5737181 0.4776527 0.09913242 0.6398708 0.1785193 0.5261238 0.09293324 0.6229714 0.6951339 0.6398708 0.6981802 0.6229714 0.689046 0.5270662 0.2633358 0.4776527 0.6867809 0.4776527 0.05108202 0.6229714 0.05797571 0.6398708 0.1824055 0.4776527 0.111875 0.5259297 0.07016122 0.5257356 0.7788093 0.6238413 0.7741172 0.6398708 0.7681891 0.5262738 0.7656606 0.4768145 0.006119072 0.6229714 0.01370358 0.6398708 0.1226093 0.4776527 0.04496604 0.4776527 0.02940398 0.5255508 0.0833658 0.4776527 0.8455429 0.6398708 0.8294461 0.4776527 0.8335003 0.5264996 0 0.6229714 0.007591546 0.6398708 0.03758186 0.4776527 0.0220015 0.525549 0.9024423 0.6398708 0.8508011 0.6229714 0.8831446 0.4776527 0.02940398 0.5255508 0.006119072 0.6229714 0.01370358 0.6398708 0.04496604 0.4776527 0.9083272 0.6229714 0.9486099 0.6398708 0.9551215 0.6229714 0.9314297 0.525903 0.9261115 0.4776527 0.8933827 0.5262012 0.07016122 0.5257356 0.05797571 0.6398708 0.05108202 0.6229714 0.0833658 0.4776527 0.9846575 0.6398708 0.9656816 0.5255736 0.9917508 0.6229714 0.9495466 0.4776527 0.111875 0.5259297 0.09293324 0.6229714 0.1226093 0.4776527 0.09913242 0.6398708 0.9951886 0.6398708 0.9558604 0.4776527 0.9719183 0.5255922 1 0.6229714 0.1824055 0.4776527 0.1785193 0.5261238 0.1617481 0.6229714 0.1672527 0.6398708 0.9917508 0.6229714 0.9846575 0.6398708 0.9656816 0.5255736 0.9495466 0.4776527 0.2633358 0.4776527 0.2605352 0.5265996 0.24886 0.6229714 0.2527158 0.6398708 0.9551215 0.6229714 0.9486099 0.6398708 0.9314297 0.525903 0.9261115 0.4776527 0.3493847 0.4776527 0.3475616 0.5269844 0.340167 0.6229714 0.3426201 0.6398708 0.9083272 0.6229714 0.9024423 0.6398708 0.8831446 0.4776527 0.8933827 0.5262012 0.4519147 0.4776527 0.4513269 0.5270997 0.4489622 0.6229714 0.4497442 0.6398708 0.8335003 0.5264996 0.8508011 0.6229714 0.8455429 0.6398708 0.8294461 0.4776527 0.5737181 0.4776527 0.5746161 0.5271791 0.5782084 0.6229714 0.577005 0.6398708 0.7681891 0.5262738 0.7788093 0.6238413 0.7741172 0.6398708 0.7656606 0.4768145 0.6867809 0.4776527 0.689046 0.5270662 0.6981802 0.6229714 0.6951339 0.6398708</float_array>
          <technique_common>
            <accessor source="#SkateShoes__SkateShoesMat00-texcoord-array" count="833" stride="2">
              <param name="S" type="float" />
              <param name="T" type="float" />
            </accessor>
          </technique_common>
        </source>
        <vertices id="SkateShoes__SkateShoesMat00-vertex">
          <input semantic="POSITION" source="#SkateShoes__SkateShoesMat00-position" />
        </vertices>
        <triangles material="SkateShoesMat00" count="1362">
          <input semantic="VERTEX" source="#SkateShoes__SkateShoesMat00-vertex" offset="0" />
          <input semantic="NORMAL" source="#SkateShoes__SkateShoesMat00-normal" offset="1" />
          <input semantic="COLOR" source="#SkateShoes__SkateShoesMat00-color" offset="2" set="0" />
          <input semantic="TEXCOORD" source="#SkateShoes__SkateShoesMat00-texcoord" offset="3" set="0" />
          <p>0 0 0 0 1 1 1 1 2 2 2 2 0 0 0 0 2 2 2 2 3 3 3 3 0 0 0 0 3 3 3 3 4 4 4 4 0 0 0 0 5 5 5 5 6 6 6 6 0 0 0 0 6 6 6 6 1 1 1 1 0 0 0 0 7 7 7 7 8 8 8 8 0 0 0 0 9 9 9 9 7 7 7 7 0 0 0 0 4 4 4 4 9 9 9 9 0 0 0 0 10 10 10 10 5 5 5 5 0 0 0 0 8 8 8 8 10 10 10 10 4 4 4 4 3 3 3 3 11 11 11 11 4 4 4 4 11 11 11 11 9 9 9 9 3 3 3 3 12 12 12 12 11 11 11 11 3 3 3 3 2 2 2 2 12 12 12 12 2 2 2 2 1 1 1 1 13 13 13 13 2 2 2 2 13 13 13 13 12 12 12 12 6 6 6 6 14 14 14 14 15 15 15 15 6 6 6 6 15 15 15 15 1 1 1 1 6 6 6 6 5 5 5 5 14 14 14 14 7 7 7 7 16 16 16 16 8 8 8 8 7 7 7 7 17 17 17 17 16 16 16 16 7 7 7 7 9 9 9 9 17 17 17 17 8 8 8 8 16 16 16 16 18 18 18 18 8 8 8 8 18 18 18 18 10 10 10 10 9 9 9 9 11 11 11 11 17 17 17 17 10 10 10 10 18 18 18 18 19 19 19 19 10 10 10 10 19 19 19 19 5 5 5 5 1 1 1 1 15 15 15 15 13 13 13 13 15 15 15 15 20 20 20 20 13 13 13 13 15 15 15 15 14 14 14 14 21 21 21 21 15 15 15 15 21 21 21 21 22 22 22 22 15 15 15 15 22 22 22 22 20 20 20 20 16 16 16 16 23 23 23 23 18 18 18 18 16 16 16 16 17 17 17 17 24 24 24 24 16 16 16 16 25 25 25 25 23 23 23 23 16 16 16 16 24 24 24 24 25 25 25 25 17 17 17 17 11 11 11 11 26 26 26 26 17 17 17 17 27 27 27 27 24 24 24 24 17 17 17 17 26 26 26 26 27 27 27 27 5 5 5 5 28 28 28 28 14 14 14 14 5 5 5 5 19 19 19 19 28 28 28 28 22 22 22 22 29 29 29 29 20 20 20 20 22 22 22 22 30 30 30 30 29 29 29 29 22 22 22 22 21 21 21 21 30 30 30 30 24 24 24 24 27 27 27 27 31 31 31 31 24 24 24 24 31 31 31 31 32 32 32 32 24 24 24 24 32 32 32 32 25 25 25 25 25 25 25 25 33 33 33 33 23 23 23 23 25 25 25 25 32 32 32 32 33 33 33 33 11 11 11 11 12 12 12 12 34 34 34 34 11 11 11 11 34 34 34 34 35 35 35 35 11 11 11 11 35 35 35 35 26 26 26 26 27 27 27 27 26 26 26 26 36 36 36 36 27 27 27 27 36 36 36 36 31 31 31 31 14 14 14 14 28 28 28 28 37 37 37 37 14 14 14 14 37 37 37 37 38 38 38 38 14 14 14 14 38 38 38 38 21 21 21 21 31 31 31 31 36 36 36 36 39 39 39 39 31 31 31 31 39 39 39 39 40 40 40 40 31 31 31 31 40 40 40 40 32 32 32 32 32 32 32 32 40 40 40 40 41 41 41 41 32 32 32 32 41 41 41 41 33 33 33 33 12 12 12 12 13 13 13 13 42 42 42 42 12 12 12 12 42 42 42 42 43 43 43 43 12 12 12 12 43 43 43 43 34 34 34 34 35 35 35 35 34 34 34 34 44 44 44 44 35 35 35 35 44 44 44 44 26 26 26 26 38 38 38 38 45 45 45 45 21 21 21 21 38 38 38 38 46 46 46 46 45 45 45 45 38 38 38 38 37 37 37 37 46 46 46 46 21 21 21 21 45 45 45 45 30 30 30 30 40 40 40 40 39 39 39 39 47 47 47 47 40 40 40 40 47 47 47 47 48 48 48 48 40 40 40 40 48 48 48 48 41 41 41 41 13 13 13 13 20 20 20 20 49 49 49 49 13 13 13 13 49 49 49 49 42 42 42 42 43 43 43 43 50 50 50 50 34 34 34 34 43 43 43 43 51 51 51 51 50 50 50 50 43 43 43 43 42 42 42 42 51 51 51 51 26 26 26 26 44 44 44 44 36 36 36 36 30 30 30 30 52 52 52 52 29 29 29 29 30 30 30 30 53 53 53 53 52 52 52 52 30 30 30 30 45 45 45 45 53 53 53 53 20 20 20 20 54 54 54 54 49 49 49 49 20 20 20 20 29 29 29 29 54 54 54 54 49 49 49 49 55 55 55 55 42 42 42 42 49 49 49 49 54 54 54 54 55 55 55 55 34 34 34 34 50 50 50 50 44 44 44 44 36 36 36 36 44 44 44 44 56 56 56 56 36 36 36 36 56 56 56 56 39 39 39 39 29 29 29 29 57 57 57 57 54 54 54 54 29 29 29 29 52 52 52 52 57 57 57 57 52 52 52 52 58 58 58 58 57 57 57 57 52 52 52 52 59 59 59 59 58 58 58 58 52 52 52 52 53 53 53 53 59 59 59 59 53 53 53 53 60 60 60 60 59 59 59 59 53 53 53 53 61 61 61 61 60 60 60 60 53 53 53 53 45 45 45 45 61 61 61 61 54 54 54 54 62 62 62 62 55 55 55 55 54 54 54 54 57 57 57 57 62 62 62 62 42 42 42 42 55 55 55 55 51 51 51 51 44 44 44 44 50 50 50 50 56 56 56 56 39 39 39 39 56 56 56 56 63 63 63 63 39 39 39 39 63 63 63 63 47 47 47 47 57 57 57 57 64 64 64 64 62 62 62 62 57 57 57 57 58 58 58 58 64 64 64 64 59 59 59 59 65 65 65 65 58 58 58 58 59 59 59 59 66 66 66 66 65 65 65 65 59 59 59 59 60 60 60 60 66 66 66 66 45 45 45 45 46 46 46 46 61 61 61 61 62 62 62 62 67 67 67 67 68 68 68 68 62 62 62 62 64 64 64 64 67 67 67 67 62 62 62 62 68 68 68 68 55 55 55 55 50 50 50 50 51 51 51 51 69 69 69 69 50 50 50 50 69 69 69 69 56 56 56 56 47 47 47 47 63 63 63 63 70 70 70 70 47 47 47 47 70 70 70 70 71 71 71 71 47 47 47 47 71 71 71 71 48 48 48 48 46 46 46 46 72 72 72 72 61 61 61 61 46 46 46 46 73 73 73 73 72 72 72 72 46 46 46 46 37 37 37 37 73 73 73 73 55 55 55 55 68 68 68 68 51 51 51 51 69 69 69 69 74 74 74 74 56 56 56 56 69 69 69 69 68 68 68 68 74 74 74 74 69 69 69 69 51 51 51 51 68 68 68 68 68 68 68 68 67 67 67 67 74 74 74 74 56 56 56 56 74 74 74 74 63 63 63 63 48 48 48 48 71 71 71 71 75 75 75 75 48 48 48 48 75 75 75 75 76 76 76 76 48 48 48 48 76 76 76 76 41 41 41 41 61 61 61 61 77 77 77 77 60 60 60 60 61 61 61 61 72 72 72 72 77 77 77 77 37 37 37 37 78 78 78 78 73 73 73 73 37 37 37 37 28 28 28 28 78 78 78 78 74 74 74 74 70 70 70 70 63 63 63 63 74 74 74 74 79 79 79 79 70 70 70 70 74 74 74 74 67 67 67 67 79 79 79 79 41 41 41 41 76 76 76 76 80 80 80 80 41 41 41 41 80 80 80 80 33 33 33 33 60 60 60 60 81 81 81 81 66 66 66 66 60 60 60 60 77 77 77 77 81 81 81 81 28 28 28 28 19 19 19 19 82 82 82 82 28 28 28 28 82 82 82 82 78 78 78 78 70 70 70 70 79 79 79 79 83 83 83 83 70 70 70 70 83 83 83 83 71 71 71 71 79 79 79 79 84 84 84 84 83 83 83 83 79 79 79 79 85 85 85 85 84 84 84 84 79 79 79 79 67 67 67 67 85 85 85 85 67 67 67 67 64 64 64 64 85 85 85 85 33 33 33 33 80 80 80 80 86 86 86 86 33 33 33 33 86 86 86 86 23 23 23 23 66 66 66 66 87 87 87 87 65 65 65 65 66 66 66 66 88 88 88 88 87 87 87 87 66 66 66 66 81 81 81 81 88 88 88 88 83 83 83 83 84 84 84 84 89 89 89 89 83 83 83 83 89 89 89 89 90 90 90 90 83 83 83 83 90 90 90 90 71 71 71 71 71 71 71 71 90 90 90 90 75 75 75 75 85 85 85 85 91 91 91 91 84 84 84 84 85 85 85 85 92 92 92 92 91 91 91 91 85 85 85 85 64 64 64 64 92 92 92 92 64 64 64 64 58 58 58 58 92 92 92 92 23 23 23 23 86 86 86 86 93 93 93 93 23 23 23 23 93 93 93 93 18 18 18 18 65 65 65 65 94 94 94 94 92 92 92 92 65 65 65 65 87 87 87 87 94 94 94 94 65 65 65 65 92 92 92 92 58 58 58 58 90 90 90 90 89 89 89 89 95 95 95 95 90 90 90 90 95 95 95 95 96 96 96 96 90 90 90 90 96 96 96 96 75 75 75 75 75 75 75 75 96 96 96 96 97 97 97 97 75 75 75 75 97 97 97 97 76 76 76 76 92 92 92 92 94 94 94 94 91 91 91 91 91 91 91 91 98 98 98 98 84 84 84 84 91 91 91 91 99 99 99 99 98 98 98 98 91 91 91 91 94 94 94 94 99 99 99 99 93 93 93 93 86 86 86 86 100 100 100 100 93 93 93 93 100 100 100 100 101 101 101 101 93 93 93 93 101 101 101 101 18 18 18 18 18 18 18 18 101 101 101 101 19 19 19 19 94 94 94 94 102 102 102 102 99 99 99 99 94 94 94 94 87 87 87 87 102 102 102 102 76 76 76 76 97 97 97 97 103 103 103 103 76 76 76 76 103 103 103 103 80 80 80 80 84 84 84 84 98 98 98 98 89 89 89 89 99 99 99 99 104 104 104 104 98 98 98 98 99 99 99 99 105 105 105 105 104 104 104 104 99 99 99 99 102 102 102 102 105 105 105 105 86 86 86 86 80 80 80 80 106 106 106 106 86 86 86 86 106 106 106 106 100 100 100 100 101 101 101 101 100 100 100 100 107 107 107 107 101 101 101 101 107 107 107 107 108 108 108 108 101 101 101 101 108 108 108 108 19 19 19 19 19 19 19 19 108 108 108 108 82 82 82 82 87 87 87 87 88 88 88 88 109 109 109 109 87 87 87 87 109 109 109 109 102 102 102 102 80 80 80 80 103 103 103 103 106 106 106 106 89 89 89 89 98 98 98 98 110 110 110 110 89 89 89 89 110 110 110 110 95 95 95 95 106 106 106 106 103 103 103 103 111 111 111 111 106 106 106 106 111 111 111 111 112 112 112 112 106 106 106 106 112 112 112 112 100 100 100 100 108 108 108 108 107 107 107 107 113 113 113 113 108 108 108 108 113 113 113 113 82 82 82 82 82 82 82 82 113 113 113 113 114 114 114 114 82 82 82 82 114 114 114 114 78 78 78 78 98 98 98 98 104 104 104 104 110 110 110 110 110 110 110 110 104 104 104 104 115 115 115 115 110 110 110 110 115 115 115 115 116 116 116 116 110 110 110 110 116 116 116 116 95 95 95 95 95 95 95 95 116 116 116 116 117 117 117 117 95 95 95 95 117 117 117 117 96 96 96 96 100 100 100 100 112 112 112 112 107 107 107 107 113 113 113 113 107 107 107 107 118 118 118 118 113 113 113 113 118 118 118 118 119 119 119 119 113 113 113 113 119 119 119 119 114 114 114 114 114 114 114 114 119 119 119 119 120 120 120 120 114 114 114 114 120 120 120 120 121 121 121 121 114 114 114 114 121 121 121 121 78 78 78 78 78 78 78 78 121 121 121 121 73 73 73 73 104 104 104 104 122 122 122 122 115 115 115 115 104 104 104 104 105 105 105 105 122 122 122 122 96 96 96 96 117 117 117 117 123 123 123 123 96 96 96 96 123 123 123 123 97 97 97 97 107 107 107 107 112 112 112 112 118 118 118 118 118 118 118 118 112 112 112 112 124 124 124 124 118 118 118 118 124 124 124 124 125 125 125 125 118 118 118 118 125 125 125 125 119 119 119 119 119 119 119 119 125 125 125 125 126 126 126 126 119 119 119 119 126 126 126 126 120 120 120 120 121 121 121 121 127 127 127 127 73 73 73 73 121 121 121 121 128 128 128 128 127 127 127 127 121 121 121 121 120 120 120 120 128 128 128 128 73 73 73 73 127 127 127 127 72 72 72 72 105 105 105 105 129 129 129 129 122 122 122 122 105 105 105 105 130 130 130 130 129 129 129 129 105 105 105 105 102 102 102 102 130 130 130 130 97 97 97 97 123 123 123 123 131 131 131 131 97 97 97 97 131 131 131 131 103 103 103 103 112 112 112 112 111 111 111 111 124 124 124 124 127 127 127 127 132 132 132 132 72 72 72 72 127 127 127 127 133 133 133 133 132 132 132 132 127 127 127 127 128 128 128 128 133 133 133 133 128 128 128 128 134 134 134 134 133 133 133 133 128 128 128 128 120 120 120 120 135 135 135 135 128 128 128 128 135 135 135 135 134 134 134 134 72 72 72 72 132 132 132 132 77 77 77 77 102 102 102 102 109 109 109 109 130 130 130 130 103 103 103 103 131 131 131 131 111 111 111 111 131 131 131 131 136 136 136 136 137 137 137 137 131 131 131 131 123 123 123 123 136 136 136 136 131 131 131 131 137 137 137 137 111 111 111 111 111 111 111 111 137 137 137 137 124 124 124 124 133 133 133 133 138 138 138 138 132 132 132 132 133 133 133 133 139 139 139 139 138 138 138 138 133 133 133 133 134 134 134 134 139 139 139 139 120 120 120 120 126 126 126 126 135 135 135 135 135 135 135 135 126 126 126 126 140 140 140 140 135 135 135 135 140 140 140 140 141 141 141 141 135 135 135 135 141 141 141 141 134 134 134 134 77 77 77 77 142 142 142 142 81 81 81 81 77 77 77 77 132 132 132 132 142 142 142 142 123 123 123 123 117 117 117 117 143 143 143 143 123 123 123 123 143 143 143 143 136 136 136 136 124 124 124 124 137 137 137 137 144 144 144 144 124 124 124 124 144 144 144 144 125 125 125 125 126 126 126 126 125 125 125 125 145 145 145 145 126 126 126 126 145 145 145 145 140 140 140 140 140 140 140 140 145 145 145 145 146 146 146 146 140 140 140 140 146 146 146 146 147 147 147 147 140 140 140 140 147 147 147 147 141 141 141 141 81 81 81 81 148 148 148 148 88 88 88 88 81 81 81 81 142 142 142 142 148 148 148 148 132 132 132 132 138 138 138 138 142 142 142 142 117 117 117 117 116 116 116 116 149 149 149 149 117 117 117 117 149 149 149 149 143 143 143 143 125 125 125 125 144 144 144 144 145 145 145 145 144 144 144 144 137 137 137 137 150 150 150 150 144 144 144 144 150 150 150 150 151 151 151 151 144 144 144 144 151 151 151 151 145 145 145 145 145 145 145 145 151 151 151 151 146 146 146 146 146 146 146 146 151 151 151 151 152 152 152 152 146 146 146 146 152 152 152 152 153 153 153 153 146 146 146 146 153 153 153 153 147 147 147 147 88 88 88 88 154 154 154 154 109 109 109 109 88 88 88 88 148 148 148 148 154 154 154 154 138 138 138 138 155 155 155 155 142 142 142 142 138 138 138 138 156 156 156 156 155 155 155 155 138 138 138 138 139 139 139 139 156 156 156 156 137 137 137 137 136 136 136 136 150 150 150 150 151 151 151 151 150 150 150 150 157 157 157 157 151 151 151 151 157 157 157 157 152 152 152 152 150 150 150 150 136 136 136 136 158 158 158 158 150 150 150 150 158 158 158 158 157 157 157 157 109 109 109 109 154 154 154 154 159 159 159 159 109 109 109 109 159 159 159 159 130 130 130 130 142 142 142 142 155 155 155 155 148 148 148 148 155 155 155 155 160 160 160 160 148 148 148 148 155 155 155 155 161 161 161 161 160 160 160 160 155 155 155 155 156 156 156 156 161 161 161 161 156 156 156 156 162 162 162 162 161 161 161 161 156 156 156 156 163 163 163 163 162 162 162 162 156 156 156 156 139 139 139 139 163 163 163 163 139 139 139 139 164 164 164 164 163 163 163 163 139 139 139 139 134 134 134 134 164 164 164 164 136 136 136 136 143 143 143 143 158 158 158 158 130 130 130 130 165 165 165 165 129 129 129 129 130 130 130 130 159 159 159 159 165 165 165 165 148 148 148 148 160 160 160 160 154 154 154 154 160 160 160 160 166 166 166 166 154 154 154 154 160 160 160 160 167 167 167 167 166 166 166 166 160 160 160 160 161 161 161 161 167 167 167 167 161 161 161 161 168 168 168 168 167 167 167 167 161 161 161 161 162 162 162 162 168 168 168 168 163 163 163 163 169 169 169 169 162 162 162 162 163 163 163 163 170 170 170 170 169 169 169 169 163 163 163 163 164 164 164 164 170 170 170 170 134 134 134 134 141 141 141 141 164 164 164 164 164 164 164 164 141 141 141 141 171 171 171 171 164 164 164 164 171 171 171 171 170 170 170 170 143 143 143 143 149 149 149 149 172 172 172 172 143 143 143 143 172 172 172 172 158 158 158 158 154 154 154 154 166 166 166 166 159 159 159 159 167 167 167 167 173 173 173 173 166 166 166 166 167 167 167 167 174 174 174 174 173 173 173 173 167 167 167 167 168 168 168 168 174 174 174 174 170 170 170 170 175 175 175 175 169 169 169 169 170 170 170 170 171 171 171 171 176 176 176 176 170 170 170 170 176 176 176 176 175 175 175 175 141 141 141 141 147 147 147 147 171 171 171 171 171 171 171 171 147 147 147 147 177 177 177 177 171 171 171 171 177 177 177 177 176 176 176 176 149 149 149 149 116 116 116 116 178 178 178 178 149 149 149 149 178 178 178 178 179 179 179 179 149 149 149 149 179 179 179 179 172 172 172 172 158 158 158 158 180 180 180 180 157 157 157 157 158 158 158 158 172 172 172 172 180 180 180 180 159 159 159 159 166 166 166 166 181 181 181 181 159 159 159 159 181 181 181 181 165 165 165 165 147 147 147 147 153 153 153 153 177 177 177 177 177 177 177 177 153 153 153 153 182 182 182 182 177 177 177 177 182 182 182 182 183 183 183 183 177 177 177 177 183 183 183 183 176 176 176 176 116 116 116 116 115 115 115 115 178 178 178 178 157 157 157 157 180 180 180 180 184 184 184 184 157 157 157 157 184 184 184 184 152 152 152 152 166 166 166 166 173 173 173 173 181 181 181 181 181 181 181 181 173 173 173 173 185 185 185 185 181 181 181 181 186 186 186 186 165 165 165 165 181 181 181 181 185 185 185 185 186 186 186 186 165 165 165 165 187 187 187 187 129 129 129 129 165 165 165 165 186 186 186 186 187 187 187 187 153 153 153 153 152 152 152 152 188 188 188 188 153 153 153 153 188 188 188 188 182 182 182 182 115 115 115 115 122 122 122 122 189 189 189 189 115 115 115 115 189 189 189 189 178 178 178 178 152 152 152 152 184 184 184 184 188 188 188 188 173 173 173 173 190 190 190 190 185 185 185 185 173 173 173 173 174 174 174 174 190 190 190 190 185 185 185 185 190 190 190 190 191 191 191 191 185 185 185 185 192 192 192 192 186 186 186 186 185 185 185 185 191 191 191 191 192 192 192 192 186 186 186 186 193 193 193 193 187 187 187 187 186 186 186 186 192 192 192 192 193 193 193 193 129 129 129 129 194 194 194 194 122 122 122 122 129 129 129 129 187 187 187 187 194 194 194 194 187 187 187 187 195 195 195 195 194 194 194 194 187 187 187 187 193 193 193 193 195 195 195 195 122 122 122 122 194 194 194 194 189 189 189 189 189 189 189 189 194 194 194 194 196 196 196 196 189 189 189 189 196 196 196 196 197 197 197 197 189 189 189 189 197 197 197 197 178 178 178 178 178 178 178 178 197 197 197 197 179 179 179 179 190 190 190 190 198 198 198 198 191 191 191 191 190 190 190 190 199 199 199 199 198 198 198 198 190 190 190 190 174 174 174 174 199 199 199 199 174 174 174 174 200 200 200 200 199 199 199 199 174 174 174 174 168 168 168 168 200 200 200 200 193 193 193 193 201 201 201 201 195 195 195 195 193 193 193 193 202 202 202 202 201 201 201 201 193 193 193 193 192 192 192 192 202 202 202 202 194 194 194 194 195 195 195 195 196 196 196 196 195 195 195 195 203 203 203 203 196 196 196 196 195 195 195 195 201 201 201 201 203 203 203 203 196 196 196 196 203 203 203 203 204 204 204 204 196 196 196 196 204 204 204 204 197 197 197 197 197 197 197 197 204 204 204 204 205 205 205 205 197 197 197 197 205 205 205 205 179 179 179 179 179 179 179 179 205 205 205 205 206 206 206 206 179 179 179 179 206 206 206 206 172 172 172 172 199 199 199 199 207 207 207 207 198 198 198 198 199 199 199 199 208 208 208 208 207 207 207 207 199 199 199 199 200 200 200 200 208 208 208 208 168 168 168 168 209 209 209 209 200 200 200 200 168 168 168 168 162 162 162 162 209 209 209 209 204 204 204 204 203 203 203 203 210 210 210 210 204 204 204 204 210 210 210 210 211 211 211 211 204 204 204 204 211 211 211 211 205 205 205 205 205 205 205 205 211 211 211 211 212 212 212 212 205 205 205 205 212 212 212 212 206 206 206 206 206 206 206 206 212 212 212 212 213 213 213 213 206 206 206 206 180 180 180 180 172 172 172 172 206 206 206 206 213 213 213 213 180 180 180 180 208 208 208 208 214 214 214 214 207 207 207 207 208 208 208 208 215 215 215 215 214 214 214 214 208 208 208 208 200 200 200 200 216 216 216 216 208 208 208 208 216 216 216 216 215 215 215 215 162 162 162 162 169 169 169 169 209 209 209 209 211 211 211 211 210 210 210 210 217 217 217 217 211 211 211 211 217 217 217 217 218 218 218 218 211 211 211 211 218 218 218 218 212 212 212 212 212 212 212 212 218 218 218 218 219 219 219 219 212 212 212 212 219 219 219 219 213 213 213 213 213 213 213 213 219 219 219 219 220 220 220 220 213 213 213 213 184 184 184 184 180 180 180 180 213 213 213 213 220 220 220 220 184 184 184 184 200 200 200 200 209 209 209 209 216 216 216 216 216 216 216 216 221 221 221 221 215 215 215 215 216 216 216 216 209 209 209 209 222 222 222 222 216 216 216 216 222 222 222 222 221 221 221 221 169 169 169 169 222 222 222 222 209 209 209 209 169 169 169 169 175 175 175 175 222 222 222 222 218 218 218 218 217 217 217 217 223 223 223 223 218 218 218 218 223 223 223 223 224 224 224 224 218 218 218 218 224 224 224 224 219 219 219 219 219 219 219 219 224 224 224 224 225 225 225 225 219 219 219 219 225 225 225 225 220 220 220 220 220 220 220 220 225 225 225 225 226 226 226 226 220 220 220 220 188 188 188 188 184 184 184 184 220 220 220 220 226 226 226 226 188 188 188 188 221 221 221 221 227 227 227 227 215 215 215 215 221 221 221 221 228 228 228 228 227 227 227 227 221 221 221 221 222 222 222 222 229 229 229 229 221 221 221 221 229 229 229 229 228 228 228 228 222 222 222 222 175 175 175 175 229 229 229 229 175 175 175 175 176 176 176 176 230 230 230 230 175 175 175 175 230 230 230 230 229 229 229 229 224 224 224 224 231 231 231 231 232 232 232 232 224 224 224 224 223 223 223 223 231 231 231 231 224 224 224 224 232 232 232 232 225 225 225 225 225 225 225 225 232 232 232 232 233 233 233 233 225 225 225 225 233 233 233 233 226 226 226 226 188 188 188 188 226 226 226 226 182 182 182 182 226 226 226 226 233 233 233 233 234 234 234 234 226 226 226 226 234 234 234 234 182 182 182 182 215 215 215 215 235 235 235 235 214 214 214 214 215 215 215 215 227 227 227 227 235 235 235 235 229 229 229 229 230 230 230 230 236 236 236 236 229 229 229 229 236 236 236 236 228 228 228 228 176 176 176 176 183 183 183 183 230 230 230 230 230 230 230 230 183 183 183 183 237 237 237 237 230 230 230 230 237 237 237 237 236 236 236 236 232 232 232 232 231 231 231 231 238 238 238 238 232 232 232 232 238 238 238 238 239 239 239 239 232 232 232 232 239 239 239 239 233 233 233 233 233 233 233 233 239 239 239 239 240 240 240 240 233 233 233 233 240 240 240 240 234 234 234 234 182 182 182 182 234 234 234 234 183 183 183 183 234 234 234 234 240 240 240 240 237 237 237 237 234 234 234 234 237 237 237 237 183 183 183 183 235 235 235 235 241 241 241 241 214 214 214 214 235 235 235 235 242 242 242 242 241 241 241 241 235 235 235 235 243 243 243 243 242 242 242 242 235 235 235 235 227 227 227 227 243 243 243 243 214 214 214 214 244 244 244 244 207 207 207 207 214 214 214 214 241 241 241 241 244 244 244 244 237 237 237 237 240 240 240 240 245 245 245 245 237 237 237 237 245 245 245 245 236 236 236 236 238 238 238 238 246 246 246 246 247 247 247 247 238 238 238 238 231 231 231 231 246 246 246 246 238 238 238 238 247 247 247 247 239 239 239 239 239 239 239 239 247 247 247 247 248 248 248 248 239 239 239 239 248 248 248 248 240 240 240 240 240 240 240 240 248 248 248 248 245 245 245 245 241 241 241 241 249 249 249 249 244 244 244 244 241 241 241 241 242 242 242 242 249 249 249 249 227 227 227 227 250 250 250 250 243 243 243 243 227 227 227 227 228 228 228 228 250 250 250 250 207 207 207 207 251 251 251 251 198 198 198 198 207 207 207 207 244 244 244 244 251 251 251 251 245 245 245 245 248 248 248 248 252 252 252 252 245 245 245 245 252 252 252 252 253 253 253 253 245 245 245 245 253 253 253 253 236 236 236 236 246 246 246 246 254 254 254 254 247 247 247 247 246 246 246 246 231 231 231 231 255 255 255 255 231 231 231 231 223 223 223 223 255 255 255 255 248 248 248 248 247 247 247 247 256 256 256 256 248 248 248 248 256 256 256 256 252 252 252 252 249 249 249 249 257 257 257 257 244 244 244 244 249 249 249 249 242 242 242 242 258 258 258 258 198 198 198 198 259 259 259 259 191 191 191 191 198 198 198 198 251 251 251 251 259 259 259 259 236 236 236 236 253 253 253 253 228 228 228 228 254 254 254 254 260 260 260 260 247 247 247 247 255 255 255 255 223 223 223 223 261 261 261 261 223 223 223 223 217 217 217 217 261 261 261 261 257 257 257 257 262 262 262 262 244 244 244 244 244 244 244 244 262 262 262 262 251 251 251 251 258 258 258 258 242 242 242 242 263 263 263 263 242 242 242 242 264 264 264 264 263 263 263 263 242 242 242 242 243 243 243 243 264 264 264 264 191 191 191 191 265 265 265 265 192 192 192 192 191 191 191 191 259 259 259 259 265 265 265 265 251 251 251 251 262 262 262 262 259 259 259 259 228 228 228 228 253 253 253 253 250 250 250 250 247 247 247 247 260 260 260 260 256 256 256 256 261 261 261 261 217 217 217 217 266 266 266 266 217 217 217 217 210 210 210 210 266 266 266 266 262 262 262 262 267 267 267 267 259 259 259 259 263 263 263 263 264 264 264 264 268 268 268 268 243 243 243 243 269 269 269 269 264 264 264 264 243 243 243 243 250 250 250 250 269 269 269 269 192 192 192 192 265 265 265 265 202 202 202 202 253 253 253 253 252 252 252 252 270 270 270 270 253 253 253 253 270 270 270 270 250 250 250 250 250 250 250 250 270 270 270 270 269 269 269 269 256 256 256 256 260 260 260 260 271 271 271 271 256 256 256 256 271 271 271 271 252 252 252 252 266 266 266 266 210 210 210 210 272 272 272 272 210 210 210 210 203 203 203 203 272 272 272 272 267 267 267 267 273 273 273 273 265 265 265 265 267 267 267 267 265 265 265 265 259 259 259 259 269 269 269 269 274 274 274 274 264 264 264 264 269 269 269 269 270 270 270 270 275 275 275 275 269 269 269 269 275 275 275 275 274 274 274 274 252 252 252 252 271 271 271 271 270 270 270 270 270 270 270 270 271 271 271 271 275 275 275 275 260 260 260 260 276 276 276 276 271 271 271 271 271 271 271 271 276 276 276 276 277 277 277 277 271 271 271 271 277 277 277 277 275 275 275 275 272 272 272 272 203 203 203 203 278 278 278 278 203 203 203 203 279 279 279 279 278 278 278 278 203 203 203 203 201 201 201 201 279 279 279 279 273 273 273 273 280 280 280 280 202 202 202 202 273 273 273 273 202 202 202 202 265 265 265 265 274 274 274 274 268 268 268 268 264 264 264 264 274 274 274 274 275 275 275 275 268 268 268 268 275 275 275 275 277 277 277 277 268 268 268 268 279 279 279 279 201 201 201 201 280 280 280 280 201 201 201 201 202 202 202 202 280 280 280 280 281 281 281 281 282 282 282 282 283 283 283 283 282 282 282 282 284 284 284 284 285 285 285 285 282 282 282 282 286 286 286 286 283 283 283 283 282 282 282 282 287 287 287 287 286 286 286 286 283 283 283 283 288 288 288 288 289 289 289 289 283 283 283 283 290 290 290 290 288 288 288 288 284 284 284 284 291 291 291 291 292 292 292 292 284 284 284 284 292 292 292 292 285 285 285 285 285 285 285 285 292 292 292 292 293 293 293 293 285 285 285 285 293 293 293 293 294 294 294 294 286 286 286 286 287 287 287 287 295 295 295 295 287 287 287 287 296 296 296 296 295 295 295 295 288 288 288 288 297 297 297 297 298 298 298 298 288 288 288 288 290 290 290 290 297 297 297 297 291 291 291 291 299 299 299 299 300 300 300 300 291 291 291 291 300 300 300 300 292 292 292 292 292 292 292 292 300 300 300 300 293 293 293 293 293 293 293 293 300 300 300 300 301 301 301 301 293 293 293 293 302 302 302 302 294 294 294 294 293 293 293 293 303 303 303 303 302 302 302 302 293 293 293 293 301 301 301 301 303 303 303 303 295 295 295 295 296 296 296 296 304 304 304 304 296 296 296 296 305 305 305 305 304 304 304 304 297 297 297 297 306 306 306 306 298 298 298 298 297 297 297 297 307 307 307 307 306 306 306 306 299 299 299 299 308 308 308 308 309 309 309 309 299 299 299 299 309 309 309 309 300 300 300 300 300 300 300 300 309 309 309 309 301 301 301 301 301 301 301 301 309 309 309 309 310 310 310 310 301 301 301 301 310 310 310 310 303 303 303 303 302 302 302 302 303 303 303 303 311 311 311 311 302 302 302 302 311 311 311 311 312 312 312 312 303 303 303 303 310 310 310 310 311 311 311 311 304 304 304 304 305 305 305 305 313 313 313 313 305 305 305 305 314 314 314 314 313 313 313 313 306 306 306 306 315 315 315 315 316 316 316 316 306 306 306 306 307 307 307 307 315 315 315 315 307 307 307 307 317 317 317 317 318 318 318 318 309 309 309 309 308 308 308 308 319 319 319 319 309 309 309 309 319 319 319 319 310 310 310 310 310 310 310 310 320 320 320 320 321 321 321 321 310 310 310 310 321 321 321 321 311 311 311 311 310 310 310 310 319 319 319 319 320 320 320 320 312 312 312 312 311 311 311 311 322 322 322 322 311 311 311 311 321 321 321 321 323 323 323 323 311 311 311 311 323 323 323 323 322 322 322 322 313 313 313 313 314 314 314 314 324 324 324 324 313 313 313 313 324 324 324 324 325 325 325 325 316 316 316 316 326 326 326 326 327 327 327 327 316 316 316 316 315 315 315 315 326 326 326 326 317 317 317 317 328 328 328 328 329 329 329 329 317 317 317 317 329 329 329 329 318 318 318 318 321 321 321 321 320 320 320 320 330 330 330 330 321 321 321 321 330 330 330 330 323 323 323 323 322 322 322 322 323 323 323 323 331 331 331 331 323 323 323 323 330 330 330 330 332 332 332 332 323 323 323 323 332 332 332 332 331 331 331 331 324 324 324 324 333 333 333 333 325 325 325 325 325 325 325 325 333 333 333 333 334 334 334 334 326 326 326 326 335 335 335 335 327 327 327 327 326 326 326 326 336 336 336 336 335 335 335 335 326 326 326 326 315 315 315 315 336 336 336 336 327 327 327 327 335 335 335 335 337 337 337 337 328 328 328 328 338 338 338 338 339 339 339 339 328 328 328 328 339 339 339 339 329 329 329 329 331 331 331 331 332 332 332 332 340 340 340 340 333 333 333 333 341 341 341 341 334 334 334 334 334 334 334 334 341 341 341 341 342 342 342 342 335 335 335 335 343 343 343 343 337 337 337 337 335 335 335 335 344 344 344 344 343 343 343 343 335 335 335 335 336 336 336 336 344 344 344 344 315 315 315 315 345 345 345 345 336 336 336 336 337 337 337 337 343 343 343 343 346 346 346 346 338 338 338 338 347 347 347 347 348 348 348 348 338 338 338 338 349 349 349 349 347 347 347 347 338 338 338 338 348 348 348 348 339 339 339 339 340 340 340 340 350 350 350 350 351 351 351 351 340 340 340 340 332 332 332 332 350 350 350 350 341 341 341 341 352 352 352 352 342 342 342 342 342 342 342 342 352 352 352 352 353 353 353 353 345 345 345 345 354 354 354 354 336 336 336 336 347 347 347 347 349 349 349 349 355 355 355 355 349 349 349 349 356 356 356 356 355 355 355 355 351 351 351 351 357 357 357 357 358 358 358 358 351 351 351 351 350 350 350 350 357 357 357 357 332 332 332 332 359 359 359 359 360 360 360 360 332 332 332 332 360 360 360 360 350 350 350 350 332 332 332 332 330 330 330 330 359 359 359 359 352 352 352 352 361 361 361 361 353 353 353 353 353 353 353 353 361 361 361 361 362 362 362 362 353 353 353 353 362 362 362 362 363 363 363 363 336 336 336 336 354 354 354 354 364 364 364 364 336 336 336 336 364 364 364 364 344 344 344 344 355 355 355 355 356 356 356 356 365 365 365 365 356 356 356 356 366 366 366 366 365 365 365 365 359 359 359 359 367 367 367 367 360 360 360 360 359 359 359 359 368 368 368 368 367 367 367 367 359 359 359 359 330 330 330 330 368 368 368 368 330 330 330 330 320 320 320 320 368 368 368 368 362 362 362 362 369 369 369 369 370 370 370 370 362 362 362 362 370 370 370 370 363 363 363 363 364 364 364 364 371 371 371 371 372 372 372 372 364 364 364 364 354 354 354 354 371 371 371 371 364 364 364 364 372 372 372 372 344 344 344 344 344 344 344 344 372 372 372 372 343 343 343 343 365 365 365 365 366 366 366 366 373 373 373 373 366 366 366 366 370 370 370 370 373 373 373 373 368 368 368 368 374 374 374 374 375 375 375 375 368 368 368 368 375 375 375 375 367 367 367 367 368 368 368 368 320 320 320 320 374 374 374 374 320 320 320 320 376 376 376 376 374 374 374 374 320 320 320 320 319 319 319 319 376 376 376 376 369 369 369 369 373 373 373 373 370 370 370 370 372 372 372 372 377 377 377 377 378 378 378 378 372 372 372 372 379 379 379 379 343 343 343 343 372 372 372 372 371 371 371 371 377 377 377 377 372 372 372 372 378 378 378 378 379 379 379 379 354 354 354 354 380 380 380 380 371 371 371 371 343 343 343 343 379 379 379 379 346 346 346 346 375 375 375 375 381 381 381 381 367 367 367 367 376 376 376 376 319 319 319 319 382 382 382 382 319 319 319 319 308 308 308 308 382 382 382 382 377 377 377 377 383 383 383 383 378 378 378 378 377 377 377 377 384 384 384 384 383 383 383 383 377 377 377 377 371 371 371 371 384 384 384 384 379 379 379 379 385 385 385 385 386 386 386 386 379 379 379 379 378 378 378 378 385 385 385 385 379 379 379 379 386 386 386 386 346 346 346 346 380 380 380 380 387 387 387 387 371 371 371 371 381 381 381 381 388 388 388 388 389 389 389 389 381 381 381 381 389 389 389 389 367 367 367 367 367 367 367 367 389 389 389 389 360 360 360 360 382 382 382 382 308 308 308 308 390 390 390 390 371 371 371 371 387 387 387 387 384 384 384 384 384 384 384 384 391 391 391 391 383 383 383 383 384 384 384 384 392 392 392 392 391 391 391 391 384 384 384 384 387 387 387 387 392 392 392 392 385 385 385 385 378 378 378 378 393 393 393 393 386 386 386 386 394 394 394 394 346 346 346 346 388 388 388 388 395 395 395 395 389 389 389 389 388 388 388 388 396 396 396 396 395 395 395 395 389 389 389 389 395 395 395 395 360 360 360 360 360 360 360 360 395 395 395 395 397 397 397 397 360 360 360 360 397 397 397 397 350 350 350 350 390 390 390 390 398 398 398 398 399 399 399 399 390 390 390 390 308 308 308 308 398 398 398 398 392 392 392 392 400 400 400 400 391 391 391 391 378 378 378 378 401 401 401 401 393 393 393 393 378 378 378 378 383 383 383 383 401 401 401 401 393 393 393 393 401 401 401 401 402 402 402 402 396 396 396 396 403 403 403 403 404 404 404 404 396 396 396 396 405 405 405 405 403 403 403 403 396 396 396 396 404 404 404 404 395 395 395 395 350 350 350 350 397 397 397 397 357 357 357 357 399 399 399 399 398 398 398 398 406 406 406 406 308 308 308 308 407 407 407 407 408 408 408 408 308 308 308 308 408 408 408 408 398 398 398 398 400 400 400 400 409 409 409 409 410 410 410 410 400 400 400 400 410 410 410 410 391 391 391 391 383 383 383 383 411 411 411 411 401 401 401 401 383 383 383 383 391 391 391 391 411 411 411 411 402 402 402 402 412 412 412 412 413 413 413 413 402 402 402 402 401 401 401 401 412 412 412 412 405 405 405 405 414 414 414 414 403 403 403 403 406 406 406 406 415 415 415 415 416 416 416 416 406 406 406 406 398 398 398 398 415 415 415 415 409 409 409 409 417 417 417 417 418 418 418 418 409 409 409 409 418 418 418 418 410 410 410 410 391 391 391 391 419 419 419 419 411 411 411 411 391 391 391 391 410 410 410 410 419 419 419 419 411 411 411 411 419 419 419 419 412 412 412 412 411 411 411 411 412 412 412 412 401 401 401 401 412 412 412 412 420 420 420 420 413 413 413 413 412 412 412 412 419 419 419 419 420 420 420 420 413 413 413 413 420 420 420 420 421 421 421 421 414 414 414 414 422 422 422 422 403 403 403 403 414 414 414 414 421 421 421 421 423 423 423 423 414 414 414 414 423 423 423 423 422 422 422 422 415 415 415 415 424 424 424 424 416 416 416 416 415 415 415 415 425 425 425 425 424 424 424 424 415 415 415 415 398 398 398 398 425 425 425 425 416 416 416 416 424 424 424 424 426 426 426 426 398 398 398 398 408 408 408 408 425 425 425 425 419 419 419 419 423 423 423 423 420 420 420 420 419 419 419 419 427 427 427 427 423 423 423 423 419 419 419 419 410 410 410 410 427 427 427 427 420 420 420 420 423 423 423 423 421 421 421 421 422 422 422 422 428 428 428 428 403 403 403 403 422 422 422 422 423 423 423 423 428 428 428 428 423 423 423 423 427 427 427 427 428 428 428 428 424 424 424 424 429 429 429 429 426 426 426 426 424 424 424 424 430 430 430 430 429 429 429 429 424 424 424 424 431 431 431 431 430 430 430 430 424 424 424 424 425 425 425 425 431 431 431 431 425 425 425 425 432 432 432 432 431 431 431 431 425 425 425 425 433 433 433 433 432 432 432 432 425 425 425 425 408 408 408 408 433 433 433 433 426 426 426 426 429 429 429 429 434 434 434 434 408 408 408 408 435 435 435 435 433 433 433 433 408 408 408 408 407 407 407 407 435 435 435 435 427 427 427 427 418 418 418 418 428 428 428 428 427 427 427 427 410 410 410 410 418 418 418 418 403 403 403 403 436 436 436 436 404 404 404 404 403 403 403 403 437 437 437 437 436 436 436 436 403 403 403 403 428 428 428 428 437 437 437 437 431 431 431 431 438 438 438 438 430 430 430 430 431 431 431 431 432 432 432 432 438 438 438 438 432 432 432 432 439 439 439 439 438 438 438 438 432 432 432 432 440 440 440 440 439 439 439 439 432 432 432 432 433 433 433 433 440 440 440 440 433 433 433 433 441 441 441 441 440 440 440 440 433 433 433 433 435 435 435 435 441 441 441 441 435 435 435 435 407 407 407 407 442 442 442 442 435 435 435 435 443 443 443 443 441 441 441 441 435 435 435 435 442 442 442 442 443 443 443 443 418 418 418 418 444 444 444 444 428 428 428 428 418 418 418 418 417 417 417 417 444 444 444 444 404 404 404 404 436 436 436 436 395 395 395 395 438 438 438 438 445 445 445 445 430 430 430 430 438 438 438 438 446 446 446 446 445 445 445 445 438 438 438 438 439 439 439 439 446 446 446 446 439 439 439 439 447 447 447 447 446 446 446 446 439 439 439 439 440 440 440 440 447 447 447 447 440 440 440 440 441 441 441 441 448 448 448 448 440 440 440 440 448 448 448 448 447 447 447 447 442 442 442 442 449 449 449 449 443 443 443 443 443 443 443 443 450 450 450 450 441 441 441 441 443 443 443 443 449 449 449 449 450 450 450 450 428 428 428 428 444 444 444 444 437 437 437 437 444 444 444 444 451 451 451 451 437 437 437 437 444 444 444 444 417 417 417 417 451 451 451 451 417 417 417 417 452 452 452 452 451 451 451 451 395 395 395 395 436 436 436 436 397 397 397 397 430 430 430 430 453 453 453 453 429 429 429 429 430 430 430 430 445 445 445 445 453 453 453 453 449 449 449 449 454 454 454 454 450 450 450 450 450 450 450 450 455 455 455 455 441 441 441 441 450 450 450 450 456 456 456 456 455 455 455 455 450 450 450 450 454 454 454 454 456 456 456 456 437 437 437 437 457 457 457 457 436 436 436 436 437 437 437 437 451 451 451 451 457 457 457 457 451 451 451 451 358 358 358 358 457 457 457 457 451 451 451 451 452 452 452 452 358 358 358 358 436 436 436 436 357 357 357 357 397 397 397 397 436 436 436 436 457 457 457 457 357 357 357 357 429 429 429 429 458 458 458 458 434 434 434 434 429 429 429 429 453 453 453 453 458 458 458 458 454 454 454 454 459 459 459 459 456 456 456 456 455 455 455 455 456 456 456 456 460 460 460 460 441 441 441 441 461 461 461 461 448 448 448 448 456 456 456 456 462 462 462 462 460 460 460 460 456 456 456 456 463 463 463 463 462 462 462 462 456 456 456 456 459 459 459 459 463 463 463 463 457 457 457 457 358 358 358 358 357 357 357 357 458 458 458 458 464 464 464 464 434 434 434 434 458 458 458 458 453 453 453 453 464 464 464 464 434 434 434 434 464 464 464 464 465 465 465 465 461 461 461 461 466 466 466 466 448 448 448 448 448 448 448 448 467 467 467 467 447 447 447 447 448 448 448 448 466 466 466 466 467 467 467 467 462 462 462 462 468 468 468 468 469 469 469 469 462 462 462 462 470 470 470 470 468 468 468 468 462 462 462 462 471 471 471 471 472 472 472 472 462 462 462 462 463 463 463 463 471 471 471 471 463 463 463 463 473 473 473 473 471 471 471 471 465 465 465 465 474 474 474 474 475 475 475 475 465 465 465 465 464 464 464 464 474 474 474 474 466 466 466 466 468 468 468 468 476 476 476 476 466 466 466 466 476 476 476 476 467 467 467 467 447 447 447 447 477 477 477 477 446 446 446 446 447 447 447 447 478 478 478 478 477 477 477 477 447 447 447 447 479 479 479 479 478 478 478 478 468 468 468 468 480 480 480 480 476 476 476 476 472 472 472 472 471 471 471 471 481 481 481 481 473 473 473 473 482 482 482 482 471 471 471 471 475 475 475 475 474 474 474 474 483 483 483 483 476 476 476 476 484 484 484 484 479 479 479 479 476 476 476 476 485 485 485 485 484 484 484 484 476 476 476 476 480 480 480 480 486 486 486 486 446 446 446 446 487 487 487 487 445 445 445 445 446 446 446 446 477 477 477 477 487 487 487 487 478 478 478 478 484 484 484 484 477 477 477 477 478 478 478 478 479 479 479 479 484 484 484 484 480 480 480 480 488 488 488 488 489 489 489 489 480 480 480 480 489 489 489 489 486 486 486 486 481 481 481 481 490 490 490 490 491 491 491 491 481 481 481 481 471 471 471 471 490 490 490 490 482 482 482 482 490 490 490 490 471 471 471 471 482 482 482 482 492 492 492 492 490 490 490 490 483 483 483 483 493 493 493 493 494 494 494 494 483 483 483 483 474 474 474 474 493 493 493 493 486 486 486 486 489 489 489 489 495 495 495 495 445 445 445 445 496 496 496 496 453 453 453 453 445 445 445 445 487 487 487 487 496 496 496 496 488 488 488 488 491 491 491 491 489 489 489 489 489 489 489 489 491 491 491 491 497 497 497 497 489 489 489 489 497 497 497 497 495 495 495 495 490 490 490 490 498 498 498 498 491 491 491 491 490 490 490 490 492 492 492 492 498 498 498 498 492 492 492 492 499 499 499 499 498 498 498 498 494 494 494 494 493 493 493 493 500 500 500 500 494 494 494 494 500 500 500 500 501 501 501 501 494 494 494 494 501 501 501 501 502 502 502 502 496 496 496 496 503 503 503 503 504 504 504 504 496 496 496 496 504 504 504 504 453 453 453 453 496 496 496 496 505 505 505 505 503 503 503 503 496 496 496 496 487 487 487 487 505 505 505 505 453 453 453 453 504 504 504 504 464 464 464 464 498 498 498 498 506 506 506 506 491 491 491 491 498 498 498 498 499 499 499 499 506 506 506 506 499 499 499 499 507 507 507 507 506 506 506 506 500 500 500 500 493 493 493 493 508 508 508 508 500 500 500 500 508 508 508 508 501 501 501 501 502 502 502 502 501 501 501 501 509 509 509 509 502 502 502 502 509 509 509 509 510 510 510 510 487 487 487 487 511 511 511 511 505 505 505 505 487 487 487 487 477 477 477 477 511 511 511 511 464 464 464 464 504 504 504 504 474 474 474 474 506 506 506 506 512 512 512 512 513 513 513 513 506 506 506 506 513 513 513 513 491 491 491 491 506 506 506 506 507 507 507 507 512 512 512 512 491 491 491 491 513 513 513 513 497 497 497 497 507 507 507 507 346 346 346 346 512 512 512 512 493 493 493 493 514 514 514 514 508 508 508 508 493 493 493 493 474 474 474 474 514 514 514 514 510 510 510 510 509 509 509 509 515 515 515 515 510 510 510 510 515 515 515 515 516 516 516 516 477 477 477 477 484 484 484 484 511 511 511 511 474 474 474 474 504 504 504 504 517 517 517 517 474 474 474 474 517 517 517 517 514 514 514 514 512 512 512 512 518 518 518 518 519 519 519 519 512 512 512 512 519 519 519 519 513 513 513 513 512 512 512 512 346 346 346 346 518 518 518 518 513 513 513 513 519 519 519 519 520 520 520 520 513 513 513 513 520 520 520 520 497 497 497 497 497 497 497 497 520 520 520 520 521 521 521 521 497 497 497 497 521 521 521 521 495 495 495 495 346 346 346 346 394 394 394 394 518 518 518 518 516 516 516 516 515 515 515 515 518 518 518 518 516 516 516 516 518 518 518 518 522 522 522 522 515 515 515 515 509 509 509 509 519 519 519 519 515 515 515 515 519 519 519 519 518 518 518 518 504 504 504 504 503 503 503 503 523 523 523 523 518 518 518 518 394 394 394 394 522 522 522 522 519 519 519 519 509 509 509 509 524 524 524 524 519 519 519 519 524 524 524 524 520 520 520 520 520 520 520 520 524 524 524 524 525 525 525 525 520 520 520 520 525 525 525 525 521 521 521 521 521 521 521 521 525 525 525 525 526 526 526 526 521 521 521 521 526 526 526 526 495 495 495 495 495 495 495 495 526 526 526 526 527 527 527 527 495 495 495 495 527 527 527 527 528 528 528 528 495 495 495 495 528 528 528 528 485 485 485 485 509 509 509 509 501 501 501 501 529 529 529 529 509 509 509 509 529 529 529 529 524 524 524 524 503 503 503 503 514 514 514 514 523 523 523 523 503 503 503 503 530 530 530 530 514 514 514 514 503 503 503 503 505 505 505 505 530 530 530 530 524 524 524 524 529 529 529 529 525 525 525 525 525 525 525 525 529 529 529 529 531 531 531 531 525 525 525 525 531 531 531 531 526 526 526 526 526 526 526 526 531 531 531 531 532 532 532 532 526 526 526 526 532 532 532 532 527 527 527 527 527 527 527 527 511 511 511 511 484 484 484 484 527 527 527 527 484 484 484 484 528 528 528 528 527 527 527 527 532 532 532 532 511 511 511 511 528 528 528 528 484 484 484 484 485 485 485 485 501 501 501 501 508 508 508 508 529 529 529 529 529 529 529 529 508 508 508 508 531 531 531 531 514 514 514 514 530 530 530 530 508 508 508 508 530 530 530 530 531 531 531 531 508 508 508 508 530 530 530 530 532 532 532 532 531 531 531 531 530 530 530 530 505 505 505 505 532 532 532 532 505 505 505 505 511 511 511 511 532 532 532 532 533 533 533 533 534 534 534 534 535 535 535 535 533 533 533 533 536 536 536 536 534 534 534 534 533 533 533 533 537 537 537 537 536 536 536 536 534 534 534 534 538 538 538 538 535 535 535 535 535 535 535 535 538 538 538 538 539 539 539 539 536 536 536 536 537 537 537 537 540 540 540 540 538 538 538 538 541 541 541 541 539 539 539 539 539 539 539 539 542 542 542 542 543 543 543 543 539 539 539 539 541 541 541 541 542 542 542 542 542 542 542 542 544 544 544 544 543 543 543 543 543 543 543 543 544 544 544 544 545 545 545 545 544 544 544 544 546 546 546 546 545 545 545 545 545 545 545 545 546 546 546 546 547 547 547 547 546 546 546 546 548 548 548 548 547 547 547 547 547 547 547 547 548 548 548 548 549 549 549 549 548 548 548 548 550 550 550 550 549 549 549 549 549 549 549 549 550 550 550 550 551 551 551 551 550 550 550 550 552 552 552 552 551 551 551 551 550 550 550 550 553 553 553 553 552 552 552 552 552 552 552 552 553 553 553 553 554 554 554 554 552 552 552 552 554 554 554 554 555 555 555 555 554 554 554 554 556 556 556 556 557 557 557 557 554 554 554 554 557 557 557 557 555 555 555 555 556 556 556 556 558 558 558 558 557 557 557 557 557 557 557 557 558 558 558 558 559 559 559 559 558 558 558 558 560 560 560 560 559 559 559 559 559 559 559 559 560 560 560 560 561 561 561 561 560 560 560 560 562 562 562 562 561 561 561 561 563 563 563 563 564 564 564 564 565 565 565 565 563 563 563 563 566 566 566 566 564 564 564 564 564 564 564 564 567 567 567 567 568 568 568 568 564 564 564 564 568 568 568 568 569 569 569 569 564 564 564 564 569 569 569 569 570 570 570 570 564 564 564 564 570 570 570 570 565 565 565 565 564 564 564 564 566 566 566 566 567 567 567 567 565 565 565 565 570 570 570 570 571 571 571 571 566 566 566 566 572 572 572 572 573 573 573 573 566 566 566 566 573 573 573 573 567 567 567 567 567 567 567 567 574 574 574 574 568 568 568 568 567 567 567 567 573 573 573 573 575 575 575 575 567 567 567 567 575 575 575 575 574 574 574 574 568 568 568 568 576 576 576 576 569 569 569 569 568 568 568 568 574 574 574 574 576 576 576 576 569 569 569 569 576 576 576 576 577 577 577 577 569 569 569 569 577 577 577 577 578 578 578 578 569 569 569 569 578 578 578 578 579 579 579 579 569 569 569 569 579 579 579 579 570 570 570 570 570 570 570 570 579 579 579 579 580 580 580 580 570 570 570 570 580 580 580 580 571 571 571 571 571 571 571 571 580 580 580 580 581 581 581 581 572 572 572 572 582 582 582 582 573 573 573 573 572 572 572 572 583 583 583 583 582 582 582 582 573 573 573 573 582 582 582 582 584 584 584 584 573 573 573 573 584 584 584 584 575 575 575 575 575 575 575 575 585 585 585 585 586 586 586 586 575 575 575 575 584 584 584 584 585 585 585 585 575 575 575 575 586 586 586 586 574 574 574 574 577 577 577 577 576 576 576 576 587 587 587 587 577 577 577 577 587 587 587 587 588 588 588 588 577 577 577 577 588 588 588 588 578 578 578 578 579 579 579 579 589 589 589 589 590 590 590 590 579 579 579 579 578 578 578 578 589 589 589 589 579 579 579 579 590 590 590 590 580 580 580 580 580 580 580 580 590 590 590 590 591 591 591 591 580 580 580 580 591 591 591 591 581 581 581 581 581 581 581 581 591 591 591 591 592 592 592 592 583 583 583 583 593 593 593 593 582 582 582 582 583 583 583 583 594 594 594 594 593 593 593 593 585 585 585 585 595 595 595 595 596 596 596 596 585 585 585 585 596 596 596 596 586 586 586 586 585 585 585 585 584 584 584 584 595 595 595 595 587 587 587 587 576 576 576 576 597 597 597 597 588 588 588 588 598 598 598 598 578 578 578 578 591 591 591 591 590 590 590 590 599 599 599 599 591 591 591 591 599 599 599 599 592 592 592 592 592 592 592 592 599 599 599 599 600 600 600 600 594 594 594 594 601 601 601 601 593 593 593 593 594 594 594 594 602 602 602 602 601 601 601 601 596 596 596 596 595 595 595 595 603 603 603 603 596 596 596 596 604 604 604 604 586 586 586 586 576 576 576 576 605 605 605 605 597 597 597 597 576 576 576 576 574 574 574 574 605 605 605 605 597 597 597 597 605 605 605 605 586 586 586 586 597 597 597 597 586 586 586 586 604 604 604 604 598 598 598 598 606 606 606 606 589 589 589 589 598 598 598 598 589 589 589 589 578 578 578 578 600 600 600 600 607 607 607 607 608 608 608 608 600 600 600 600 599 599 599 599 607 607 607 607 602 602 602 602 609 609 609 609 601 601 601 601 602 602 602 602 610 610 610 610 609 609 609 609 603 603 603 603 595 595 595 595 611 611 611 611 603 603 603 603 611 611 611 611 612 612 612 612 586 586 586 586 605 605 605 605 574 574 574 574 606 606 606 606 613 613 613 613 589 589 589 589 589 589 589 589 614 614 614 614 590 590 590 590 589 589 589 589 613 613 613 613 614 614 614 614 608 608 608 608 615 615 615 615 616 616 616 616 608 608 608 608 607 607 607 607 615 615 615 615 609 609 609 609 617 617 617 617 601 601 601 601 609 609 609 609 618 618 618 618 617 617 617 617 609 609 609 609 610 610 610 610 618 618 618 618 610 610 610 610 619 619 619 619 618 618 618 618 595 595 595 595 620 620 620 620 611 611 611 611 595 595 595 595 584 584 584 584 620 620 620 620 612 612 612 612 611 611 611 611 621 621 621 621 613 613 613 613 622 622 622 622 614 614 614 614 613 613 613 613 623 623 623 623 622 622 622 622 590 590 590 590 614 614 614 614 624 624 624 624 590 590 590 590 624 624 624 624 599 599 599 599 616 616 616 616 625 625 625 625 626 626 626 626 616 616 616 616 615 615 615 615 625 625 625 625 619 619 619 619 627 627 627 627 618 618 618 618 584 584 584 584 582 582 582 582 620 620 620 620 621 621 621 621 628 628 628 628 629 629 629 629 621 621 621 621 611 611 611 611 630 630 630 630 621 621 621 621 630 630 630 630 628 628 628 628 623 623 623 623 631 631 631 631 622 622 622 622 624 624 624 624 614 614 614 614 632 632 632 632 624 624 624 624 632 632 632 632 599 599 599 599 599 599 599 599 632 632 632 632 607 607 607 607 627 627 627 627 633 633 633 633 634 634 634 634 627 627 627 627 634 634 634 634 618 618 618 618 582 582 582 582 593 593 593 593 620 620 620 620 629 629 629 629 628 628 628 628 635 635 635 635 631 631 631 631 636 636 636 636 637 637 637 637 631 631 631 631 637 637 637 637 638 638 638 638 631 631 631 631 638 638 638 638 622 622 622 622 614 614 614 614 622 622 622 622 632 632 632 632 607 607 607 607 639 639 639 639 615 615 615 615 607 607 607 607 632 632 632 632 639 639 639 639 633 633 633 633 640 640 640 640 641 641 641 641 633 633 633 633 641 641 641 641 634 634 634 634 593 593 593 593 642 642 642 642 620 620 620 620 593 593 593 593 601 601 601 601 642 642 642 642 620 620 620 620 642 642 642 642 611 611 611 611 636 636 636 636 643 643 643 643 644 644 644 644 636 636 636 636 644 644 644 644 637 637 637 637 622 622 622 622 638 638 638 638 632 632 632 632 639 639 639 639 645 645 645 645 615 615 615 615 639 639 639 639 638 638 638 638 645 645 645 645 639 639 639 639 632 632 632 632 638 638 638 638 638 638 638 638 637 637 637 637 645 645 645 645 615 615 615 615 645 645 645 645 625 625 625 625 640 640 640 640 646 646 646 646 647 647 647 647 640 640 640 640 647 647 647 647 641 641 641 641 642 642 642 642 617 617 617 617 611 611 611 611 642 642 642 642 601 601 601 601 617 617 617 617 611 611 611 611 617 617 617 617 630 630 630 630 643 643 643 643 648 648 648 648 644 644 644 644 644 644 644 644 649 649 649 649 650 650 650 650 644 644 644 644 648 648 648 648 649 649 649 649 644 644 644 644 650 650 650 650 637 637 637 637 645 645 645 645 637 637 637 637 650 650 650 650 645 645 645 645 650 650 650 650 651 651 651 651 645 645 645 645 651 651 651 651 625 625 625 625 625 625 625 625 651 651 651 651 626 626 626 626 646 646 646 646 652 652 652 652 653 653 653 653 646 646 646 646 653 653 653 653 647 647 647 647 617 617 617 617 654 654 654 654 630 630 630 630 617 617 617 617 618 618 618 618 654 654 654 654 630 630 630 630 654 654 654 654 628 628 628 628 648 648 648 648 655 655 655 655 649 649 649 649 650 650 650 650 649 649 649 649 656 656 656 656 650 650 650 650 656 656 656 656 651 651 651 651 649 649 649 649 657 657 657 657 656 656 656 656 649 649 649 649 655 655 655 655 657 657 657 657 651 651 651 651 656 656 656 656 658 658 658 658 651 651 651 651 658 658 658 658 626 626 626 626 626 626 626 626 658 658 658 658 659 659 659 659 652 652 652 652 660 660 660 660 661 661 661 661 652 652 652 652 661 661 661 661 653 653 653 653 654 654 654 654 662 662 662 662 628 628 628 628 654 654 654 654 663 663 663 663 662 662 662 662 654 654 654 654 618 618 618 618 663 663 663 663 618 618 618 618 634 634 634 634 663 663 663 663 628 628 628 628 662 662 662 662 635 635 635 635 655 655 655 655 664 664 664 664 665 665 665 665 655 655 655 655 665 665 665 665 657 657 657 657 658 658 658 658 656 656 656 656 666 666 666 666 658 658 658 658 666 666 666 666 659 659 659 659 659 659 659 659 666 666 666 666 667 667 667 667 660 660 660 660 668 668 668 668 661 661 661 661 660 660 660 660 669 669 669 669 668 668 668 668 660 660 660 660 670 670 670 670 669 669 669 669 662 662 662 662 671 671 671 671 635 635 635 635 662 662 662 662 663 663 663 663 671 671 671 671 634 634 634 634 641 641 641 641 663 663 663 663 663 663 663 663 672 672 672 672 671 671 671 671 663 663 663 663 641 641 641 641 672 672 672 672 635 635 635 635 671 671 671 671 673 673 673 673 664 664 664 664 674 674 674 674 665 665 665 665 666 666 666 666 656 656 656 656 675 675 675 675 666 666 666 666 675 675 675 675 676 676 676 676 666 666 666 666 676 676 676 676 667 667 667 667 667 667 667 667 676 676 676 676 677 677 677 677 670 670 670 670 678 678 678 678 669 669 669 669 641 641 641 641 647 647 647 647 672 672 672 672 672 672 672 672 679 679 679 679 671 671 671 671 672 672 672 672 647 647 647 647 679 679 679 679 673 673 673 673 671 671 671 671 680 680 680 680 674 674 674 674 681 681 681 681 665 665 665 665 674 674 674 674 682 682 682 682 683 683 683 683 674 674 674 674 683 683 683 683 681 681 681 681 656 656 656 656 657 657 657 657 675 675 675 675 675 675 675 675 657 657 657 657 684 684 684 684 675 675 675 675 684 684 684 684 676 676 676 676 676 676 676 676 684 684 684 684 685 685 685 685 676 676 676 676 685 685 685 685 677 677 677 677 677 677 677 677 685 685 685 685 686 686 686 686 678 678 678 678 687 687 687 687 688 688 688 688 678 678 678 678 688 688 688 688 669 669 669 669 647 647 647 647 653 653 653 653 679 679 679 679 665 665 665 665 681 681 681 681 684 684 684 684 665 665 665 665 684 684 684 684 657 657 657 657 682 682 682 682 689 689 689 689 683 683 683 683 684 684 684 684 681 681 681 681 690 690 690 690 684 684 684 684 690 690 690 690 685 685 685 685 685 685 685 685 690 690 690 690 691 691 691 691 685 685 685 685 691 691 691 691 692 692 692 692 685 685 685 685 692 692 692 692 686 686 686 686 686 686 686 686 692 692 692 692 693 693 693 693 687 687 687 687 693 693 693 693 694 694 694 694 687 687 687 687 694 694 694 694 688 688 688 688 688 688 688 688 694 694 694 694 695 695 695 695 688 688 688 688 695 695 695 695 696 696 696 696 688 688 688 688 696 696 696 696 669 669 669 669 669 669 669 669 697 697 697 697 668 668 668 668 669 669 669 669 696 696 696 696 697 697 697 697 653 653 653 653 698 698 698 698 679 679 679 679 653 653 653 653 661 661 661 661 698 698 698 698 690 690 690 690 681 681 681 681 691 691 691 691 692 692 692 692 691 691 691 691 694 694 694 694 692 692 692 692 694 694 694 694 693 693 693 693 694 694 694 694 691 691 691 691 695 695 695 695 691 691 691 691 681 681 681 681 683 683 683 683 691 691 691 691 683 683 683 683 695 695 695 695 695 695 695 695 683 683 683 683 699 699 699 699 695 695 695 695 699 699 699 699 696 696 696 696 696 696 696 696 700 700 700 700 701 701 701 701 696 696 696 696 701 701 701 701 697 697 697 697 696 696 696 696 699 699 699 699 700 700 700 700 697 697 697 697 701 701 701 701 702 702 702 702 697 697 697 697 702 702 702 702 668 668 668 668 668 668 668 668 703 703 703 703 661 661 661 661 668 668 668 668 702 702 702 702 703 703 703 703 679 679 679 679 704 704 704 704 671 671 671 671 679 679 679 679 698 698 698 698 704 704 704 704 661 661 661 661 703 703 703 703 698 698 698 698 698 698 698 698 705 705 705 705 704 704 704 704 698 698 698 698 703 703 703 703 705 705 705 705 683 683 683 683 689 689 689 689 699 699 699 699 699 699 699 699 706 706 706 706 700 700 700 700 699 699 699 699 689 689 689 689 706 706 706 706 700 700 700 700 707 707 707 707 701 701 701 701 700 700 700 700 706 706 706 706 707 707 707 707 701 701 701 701 707 707 707 707 708 708 708 708 701 701 701 701 708 708 708 708 709 709 709 709 701 701 701 701 709 709 709 709 702 702 702 702 702 702 702 702 709 709 709 709 710 710 710 710 702 702 702 702 710 710 710 710 703 703 703 703 703 703 703 703 710 710 710 710 705 705 705 705 704 704 704 704 680 680 680 680 671 671 671 671 704 704 704 704 705 705 705 705 711 711 711 711 704 704 704 704 711 711 711 711 680 680 680 680 705 705 705 705 710 710 710 710 711 711 711 711 708 708 708 708 710 710 710 710 709 709 709 709 708 708 708 708 712 712 712 712 710 710 710 710 710 710 710 710 712 712 712 712 711 711 711 711 713 713 713 713 714 714 714 714 715 715 715 715 713 713 713 713 716 716 716 716 717 717 717 717 713 713 713 713 717 717 717 717 714 714 714 714 714 714 714 714 718 718 718 718 719 719 719 719 714 714 714 714 717 717 717 717 720 720 720 720 714 714 714 714 720 720 720 720 718 718 718 718 714 714 714 714 719 719 719 719 715 715 715 715 715 715 715 715 719 719 719 719 721 721 721 721 715 715 715 715 721 721 721 721 722 722 722 722 716 716 716 716 723 723 723 723 717 717 717 717 717 717 717 717 724 724 724 724 725 725 725 725 717 717 717 717 725 725 725 725 720 720 720 720 717 717 717 717 723 723 723 723 724 724 724 724 718 718 718 718 720 720 720 720 726 726 726 726 718 718 718 718 726 726 726 726 727 727 727 727 718 718 718 718 727 727 727 727 728 728 728 728 718 718 718 718 728 728 728 728 719 719 719 719 719 719 719 719 728 728 728 728 721 721 721 721 720 720 720 720 729 729 729 729 726 726 726 726 720 720 720 720 725 725 725 725 729 729 729 729 722 722 722 722 721 721 721 721 730 730 730 730 721 721 721 721 731 731 731 731 732 732 732 732 721 721 721 721 732 732 732 732 730 730 730 730 721 721 721 721 728 728 728 728 731 731 731 731 723 723 723 723 733 733 733 733 724 724 724 724 724 724 724 724 734 734 734 734 725 725 725 725 724 724 724 724 733 733 733 733 734 734 734 734 725 725 725 725 735 735 735 735 729 729 729 729 725 725 725 725 734 734 734 734 735 735 735 735 727 727 727 727 736 736 736 736 728 728 728 728 728 728 728 728 736 736 736 736 731 731 731 731 729 729 729 729 735 735 735 735 737 737 737 737 730 730 730 730 732 732 732 732 738 738 738 738 730 730 730 730 738 738 738 738 739 739 739 739 731 731 731 731 740 740 740 740 741 741 741 741 731 731 731 731 736 736 736 736 740 740 740 740 731 731 731 731 741 741 741 741 732 732 732 732 732 732 732 732 741 741 741 741 742 742 742 742 732 732 732 732 742 742 742 742 738 738 738 738 733 733 733 733 743 743 743 743 734 734 734 734 733 733 733 733 744 744 744 744 743 743 743 743 734 734 734 734 743 743 743 743 735 735 735 735 735 735 735 735 745 745 745 745 737 737 737 737 735 735 735 735 743 743 743 743 745 745 745 745 737 737 737 737 745 745 745 745 746 746 746 746 738 738 738 738 742 742 742 742 747 747 747 747 738 738 738 738 747 747 747 747 739 739 739 739 739 739 739 739 747 747 747 747 748 748 748 748 740 740 740 740 749 749 749 749 741 741 741 741 741 741 741 741 749 749 749 749 742 742 742 742 742 742 742 742 750 750 750 750 751 751 751 751 742 742 742 742 752 752 752 752 750 750 750 750 742 742 742 742 751 751 751 751 747 747 747 747 742 742 742 742 749 749 749 749 752 752 752 752 744 744 744 744 753 753 753 753 743 743 743 743 745 745 745 745 754 754 754 754 746 746 746 746 745 745 745 745 755 755 755 755 754 754 754 754 745 745 745 745 743 743 743 743 755 755 755 755 747 747 747 747 751 751 751 751 756 756 756 756 747 747 747 747 756 756 756 756 757 757 757 757 747 747 747 747 757 757 757 757 748 748 748 748 750 750 750 750 758 758 758 758 759 759 759 759 750 750 750 750 759 759 759 759 751 751 751 751 751 751 751 751 759 759 759 759 756 756 756 756 753 753 753 753 760 760 760 760 761 761 761 761 753 753 753 753 761 761 761 761 743 743 743 743 754 754 754 754 755 755 755 755 762 762 762 762 756 756 756 756 759 759 759 759 763 763 763 763 756 756 756 756 763 763 763 763 764 764 764 764 756 756 756 756 764 764 764 764 757 757 757 757 757 757 757 757 764 764 764 764 765 765 765 765 758 758 758 758 766 766 766 766 759 759 759 759 759 759 759 759 766 766 766 766 763 763 763 763 760 760 760 760 767 767 767 767 761 761 761 761 760 760 760 760 768 768 768 768 769 769 769 769 760 760 760 760 769 769 769 769 767 767 767 767 761 761 761 761 767 767 767 767 755 755 755 755 761 761 761 761 755 755 755 755 743 743 743 743 762 762 762 762 770 770 770 770 771 771 771 771 762 762 762 762 772 772 772 772 770 770 770 770 762 762 762 762 755 755 755 755 772 772 772 772 763 763 763 763 766 766 766 766 773 773 773 773 763 763 763 763 773 773 773 773 764 764 764 764 765 765 765 765 764 764 764 764 774 774 774 774 764 764 764 764 773 773 773 773 775 775 775 775 764 764 764 764 775 775 775 775 774 774 774 774 766 766 766 766 776 776 776 776 773 773 773 773 768 768 768 768 777 777 777 777 769 769 769 769 755 755 755 755 767 767 767 767 772 772 772 772 767 767 767 767 770 770 770 770 772 772 772 772 767 767 767 767 769 769 769 769 770 770 770 770 769 769 769 769 778 778 778 778 770 770 770 770 769 769 769 769 779 779 779 779 778 778 778 778 769 769 769 769 777 777 777 777 779 779 779 779 770 770 770 770 780 780 780 780 771 771 771 771 770 770 770 770 778 778 778 778 780 780 780 780 773 773 773 773 781 781 781 781 782 782 782 782 773 773 773 773 782 782 782 782 775 775 775 775 773 773 773 773 776 776 776 776 783 783 783 783 773 773 773 773 783 783 783 783 781 781 781 781 774 774 774 774 775 775 775 775 784 784 784 784 775 775 775 775 782 782 782 782 784 784 784 784 777 777 777 777 785 785 785 785 779 779 779 779 778 778 778 778 786 786 786 786 780 780 780 780 778 778 778 778 787 787 787 787 786 786 786 786 778 778 778 778 779 779 779 779 787 787 787 787 779 779 779 779 788 788 788 788 787 787 787 787 779 779 779 779 785 785 785 785 788 788 788 788 781 781 781 781 783 783 783 783 789 789 789 789 781 781 781 781 789 789 789 789 790 790 790 790 781 781 781 781 790 790 790 790 782 782 782 782 782 782 782 782 790 790 790 790 791 791 791 791 782 782 782 782 791 791 791 791 784 784 784 784 784 784 784 784 791 791 791 791 792 792 792 792 785 785 785 785 793 793 793 793 788 788 788 788 785 785 785 785 794 794 794 794 793 793 793 793 786 786 786 786 795 795 795 795 796 796 796 796 786 786 786 786 787 787 787 787 795 795 795 795 787 787 787 787 793 793 793 793 795 795 795 795 787 787 787 787 788 788 788 788 793 793 793 793 789 789 789 789 797 797 797 797 790 790 790 790 790 790 790 790 797 797 797 797 798 798 798 798 790 790 790 790 798 798 798 798 791 791 791 791 791 791 791 791 798 798 798 798 799 799 799 799 791 791 791 791 799 799 799 799 800 800 800 800 791 791 791 791 800 800 800 800 792 792 792 792 793 793 793 793 801 801 801 801 795 795 795 795 793 793 793 793 794 794 794 794 801 801 801 801 794 794 794 794 802 802 802 802 801 801 801 801 795 795 795 795 803 803 803 803 796 796 796 796 795 795 795 795 801 801 801 801 803 803 803 803 796 796 796 796 803 803 803 803 804 804 804 804 797 797 797 797 805 805 805 805 798 798 798 798 798 798 798 798 805 805 805 805 806 806 806 806 798 798 798 798 806 806 806 806 799 799 799 799 799 799 799 799 806 806 806 806 807 807 807 807 799 799 799 799 807 807 807 807 800 800 800 800 800 800 800 800 807 807 807 807 808 808 808 808 801 801 801 801 809 809 809 809 803 803 803 803 801 801 801 801 802 802 802 802 810 810 810 810 801 801 801 801 810 810 810 810 809 809 809 809 803 803 803 803 811 811 811 811 804 804 804 804 803 803 803 803 812 812 812 812 811 811 811 811 803 803 803 803 809 809 809 809 812 812 812 812 805 805 805 805 813 813 813 813 806 806 806 806 806 806 806 806 813 813 813 813 814 814 814 814 806 806 806 806 814 814 814 814 807 807 807 807 807 807 807 807 814 814 814 814 815 815 815 815 807 807 807 807 815 815 815 815 808 808 808 808 808 808 808 808 815 815 815 815 816 816 816 816 809 809 809 809 817 817 817 817 812 812 812 812 809 809 809 809 818 818 818 818 817 817 817 817 809 809 809 809 810 810 810 810 818 818 818 818 810 810 810 810 819 819 819 819 818 818 818 818 811 811 811 811 812 812 812 812 817 817 817 817 811 811 811 811 817 817 817 817 820 820 820 820 813 813 813 813 821 821 821 821 814 814 814 814 814 814 814 814 821 821 821 821 822 822 822 822 814 814 814 814 822 822 822 822 815 815 815 815 815 815 815 815 822 822 822 822 823 823 823 823 815 815 815 815 823 823 823 823 824 824 824 824 815 815 815 815 824 824 824 824 816 816 816 816 817 817 817 817 825 825 825 825 820 820 820 820 817 817 817 817 826 826 826 826 825 825 825 825 817 817 817 817 818 818 818 818 826 826 826 826 818 818 818 818 819 819 819 819 826 826 826 826 819 819 819 819 827 827 827 827 826 826 826 826 820 820 820 820 825 825 825 825 828 828 828 828 821 821 821 821 829 829 829 829 830 830 830 830 821 821 821 821 830 830 830 830 822 822 822 822 822 822 822 822 831 831 831 831 823 823 823 823 822 822 822 822 830 830 830 830 831 831 831 831 823 823 823 823 831 831 831 831 832 832 832 832 823 823 823 823 832 832 832 832 824 824 824 824 825 825 825 825 830 830 830 830 829 829 829 829 825 825 825 825 829 829 829 829 828 828 828 828 825 825 825 825 826 826 826 826 830 830 830 830 826 826 826 826 831 831 831 831 830 830 830 830 826 826 826 826 832 832 832 832 831 831 831 831 826 826 826 826 827 827 827 827 832 832 832 832 </p>
        </triangles>
      </mesh>
    </geometry>
    <geometry id="SkateShoes__SkateShoesMat01-mesh" name="SkateShoes__SkateShoesMat01">
      <mesh>
        <source id="SkateShoes__SkateShoesMat01-position">
          <float_array id="SkateShoes__SkateShoesMat01-position-array" count="810">-36.01448 41.09214 3.136577 -38.8912 41.09214 1.730751 -35.05304 38.41827 2.823483 36.47173 41.09214 3.136577 -39.5757 41.09214 -6.654418 -37.80092 38.41827 1.417657 -38.32113 41.09214 -17.25952 -38.4632 38.4082 -6.544421 -34.1253 36.87307 0.2361012 35.41451 38.41827 2.823483 37.80092 38.41827 1.417657 38.8912 41.09214 1.730751 -35.2833 41.09214 -27.39453 -37.23417 38.37465 -16.81946 -34.8021 36.87307 -7.116181 34.1253 36.87307 0.2361012 38.4632 38.4082 -6.544421 39.5757 41.09214 -6.654418 -29.44876 41.09214 -35.3547 -34.37945 38.33315 -26.50295 -33.66928 36.87308 -16.75841 34.8021 36.87307 -7.116181 37.23417 38.37465 -16.81946 38.32113 41.09214 -17.25952 -28.67649 38.31622 -34.37153 -21.73709 38.29929 -39.82298 -23.02809 41.09214 -40.81982 -30.80283 36.87308 -25.82708 33.66928 36.87308 -16.75841 34.37945 38.33315 -26.50295 35.2833 41.09214 -27.39453 -25.95548 36.87308 -32.52755 -10.4657 41.09214 -45.58089 -10.28455 38.28317 -44.10875 -9.447249 36.87308 -41.22789 -19.83772 36.87308 -37.45137 30.80283 36.87308 -25.82708 25.95548 36.87308 -32.52755 28.67649 38.31622 -34.37153 29.44876 41.09214 -35.3547 19.83772 36.87308 -37.45137 0 41.09214 -46.26656 0 38.28301 -44.98274 0 36.87308 -42.05532 9.447249 36.87308 -41.22789 21.73709 38.29929 -39.82298 23.02809 41.09214 -40.81982 10.28455 38.28317 -44.10875 10.4657 41.09214 -45.58089 37.9375 41.09214 39.34336 40.96783 41.09214 40.85875 36.92474 38.41827 39.68086 -38.41917 41.09214 39.34336 42.25163 41.09214 49.89743 39.81934 38.41827 41.19625 35.94017 36.87307 42.46989 -37.3055 38.41827 39.68086 -39.81934 38.41827 41.19625 -40.96783 41.09214 40.85875 41.56239 41.09214 61.32905 41.07018 38.4082 49.77886 37.13145 36.87307 50.39518 -35.94017 36.87307 42.46989 -41.07018 38.4082 49.77886 -42.25163 41.09214 49.89743 37.72143 41.09214 72.25394 40.40852 38.37465 60.8547 36.54284 36.87308 60.78889 -37.13145 36.87307 50.39518 -40.40852 38.37465 60.8547 -41.56239 41.09214 61.32905 30.3113 41.09214 80.89292 36.80194 38.33315 71.29288 33.0051 36.87308 70.56433 -36.54284 36.87308 60.78889 -36.80194 38.33315 71.29288 -37.72143 41.09214 72.25394 29.45031 38.31622 79.78796 22.12759 38.29929 85.32307 23.53844 41.09214 86.44338 26.61638 36.87308 77.78702 -33.0051 36.87308 70.56433 -26.61638 36.87308 77.78702 -29.45031 38.31622 79.78796 -30.3113 41.09214 80.89292 11.26578 41.09214 92.38573 11.04766 38.28317 90.73125 10.10666 36.87308 87.49357 20.033 36.87308 82.65771 -20.033 36.87308 82.65771 -22.12759 38.29929 85.32307 -23.53844 41.09214 86.44338 0 41.09214 93.15634 0 38.28301 91.7135 0 36.87308 88.42348 -10.10666 36.87308 87.49357 -11.04766 38.28317 90.73125 -11.26578 41.09214 92.38573 -5.136222 40.07111 45.91926 -5.136222 30.11357 46.3033 -6.628507 40.07111 47.41051 -5.136222 24.21498 45.14148 -6.628507 29.77079 47.66443 -6.628507 23.36052 46.40364 -5.136222 20.1871 41.69326 -6.628507 18.82094 42.85644 -5.13622 20.1871 -5.516046 -6.628506 18.82094 -6.844503 -5.13622 40.00001 -5.51605 -6.628506 40.00001 -6.844503 -5.136222 40.00001 -31.92188 -5.136222 20.18709 -31.92188 -6.628507 40.00001 -30.42589 -5.136222 20.18709 -48.13444 -6.628507 18.82094 -30.42589 -5.136222 18.93332 -55.52804 -6.628507 18.69867 -48.02215 -5.136222 16.61156 -61.42734 -6.628507 17.56204 -54.88098 -5.136222 11.85718 -65.31843 -6.628507 15.49307 -60.42733 -5.136222 5.905106 -67.26326 -6.628507 11.05864 -64.05412 -5.136222 1.490231 -66.8769 -6.628507 5.494507 -65.81672 -5.136222 0.04402542 -65.22335 -6.628507 1.490231 -65.38928 -5.136222 0.04402542 -46.61482 -6.628508 1.490231 -47.51694 -5.136222 0.04402542 60.94322 -6.628507 1.490231 59.71364 -5.136222 2.090412 72.93293 -6.628507 3.551041 72.12366 -5.136222 8.278706 81.55828 -6.628507 8.986534 79.97215 -5.136222 14.96254 85.62894 -6.628507 15.37937 84.19559 -5.136222 25.45049 87.00663 -6.628507 25.49154 85.50471 -5.136222 40.07111 85.09579 -6.628507 40.07111 83.63289 -6.628507 40.00001 -30.42589 -6.628507 18.82094 -30.42589 -6.628506 40.00001 -6.844503 -6.628507 18.69867 -48.02215 -6.628508 1.490231 -47.51694 -6.628506 18.82094 -6.844503 -6.628507 17.56204 -54.88098 -6.628507 5.494507 -65.81672 -6.628507 1.490231 -65.38928 -6.628507 15.49307 -60.42733 -6.628507 11.05864 -64.05412 -6.628507 1.490231 59.71364 -6.628507 18.82094 42.85644 -6.628507 3.551041 72.12366 -6.628507 23.36052 46.40364 -6.628507 8.986534 79.97215 -6.628507 29.77079 47.66443 -6.628507 15.37937 84.19559 -6.628507 40.07111 83.63289 -6.628507 40.07111 47.41051 -6.628507 25.49154 85.50471 5.136222 40.07111 45.91926 6.628507 40.07111 47.41051 5.136222 30.11357 46.3033 6.628507 29.77079 47.66444 5.136222 24.21498 45.14149 6.628507 23.36052 46.40364 5.136222 20.1871 41.69326 6.628507 18.82094 42.85644 6.628506 18.82094 -6.844503 5.13622 20.1871 -5.516046 6.628506 40.00001 -6.844503 5.13622 40.00001 -5.51605 5.136222 40.00001 -31.92188 6.628507 40.00001 -30.42589 5.136222 20.18709 -31.92188 6.628507 18.82094 -30.42589 5.136222 20.18709 -48.13444 6.628507 18.69867 -48.02215 5.136222 18.93332 -55.52804 6.628507 17.56204 -54.88098 5.136222 16.61156 -61.42734 6.628507 15.49307 -60.42733 5.136222 11.85718 -65.31843 6.628507 11.05864 -64.05412 5.136222 5.905106 -67.26326 6.628507 5.494507 -65.81672 5.136222 1.490231 -66.8769 6.628507 1.490231 -65.38928 5.136222 0.04402542 -65.22335 6.628508 1.490231 -47.51694 5.136222 0.04402542 -46.61482 6.628507 1.490231 59.71364 5.136222 0.04402542 60.94322 6.628507 3.551041 72.12366 5.136222 2.090412 72.93293 6.628507 8.986534 79.97215 5.136222 8.278706 81.55828 6.628507 15.37937 84.19559 5.136222 14.96254 85.62894 6.628507 25.49154 85.50471 5.136222 25.45049 87.00663 6.628507 40.07111 83.63289 5.136222 40.07111 85.09579 6.628507 40.00001 -30.42589 6.628506 40.00001 -6.844503 6.628507 18.82094 -30.42589 6.628506 18.82094 -6.844503 6.628508 1.490231 -47.51694 6.628507 18.69867 -48.02215 6.628507 18.82094 42.85644 6.628507 1.490231 59.71364 6.628507 1.490231 -65.38928 6.628507 5.494507 -65.81672 6.628507 11.05864 -64.05412 6.628507 15.49307 -60.42733 6.628507 17.56204 -54.88098 6.628507 3.551041 72.12366 6.628507 23.36052 46.40364 6.628507 29.77079 47.66444 6.628507 8.986534 79.97215 6.628507 40.07111 47.41051 6.628507 40.07111 83.63289 6.628507 25.49154 85.50471 6.628507 15.37937 84.19559 5.136222 40.07111 45.91926 -5.136222 30.11357 46.3033 -5.136222 40.07111 45.91926 5.136222 30.11357 46.3033 5.136222 24.21498 45.14149 -5.136222 24.21498 45.14148 5.136222 20.1871 41.69326 -5.136222 20.1871 41.69326 5.13622 20.1871 -5.516046 -5.13622 20.1871 -5.516046 5.13622 40.00001 -5.51605 -5.13622 40.00001 -5.51605 5.136222 40.00001 -31.92188 -5.136222 20.18709 -31.92188 -5.136222 40.00001 -31.92188 5.136222 20.18709 -31.92188 5.136222 20.18709 -48.13444 -5.136222 20.18709 -48.13444 5.136222 18.93332 -55.52804 -5.136222 18.93332 -55.52804 5.136222 16.61156 -61.42734 -5.136222 16.61156 -61.42734 5.136222 11.85718 -65.31843 -5.136222 11.85718 -65.31843 5.136222 5.905106 -67.26326 -5.136222 5.905106 -67.26326 5.136222 1.490231 -66.8769 -5.136222 1.490231 -66.8769 5.136222 0.04402542 -65.22335 -5.136222 0.04402542 -65.22335 5.136222 0.04402542 -46.61482 -5.136222 0.04402542 -46.61482 5.136222 0.04402542 60.94322 -5.136222 0.04402542 60.94322 5.136222 2.090412 72.93293 -5.136222 2.090412 72.93293 5.136222 8.278706 81.55828 -5.136222 8.278706 81.55828 5.136222 14.96254 85.62894 -5.136222 14.96254 85.62894 5.136222 25.45049 87.00663 -5.136222 25.45049 87.00663 5.136222 40.07111 85.09579 -5.136222 40.07111 85.09579</float_array>
          <technique_common>
            <accessor source="#SkateShoes__SkateShoesMat01-position-array" count="270" stride="3">
              <param name="X" type="float" />
              <param name="Y" type="float" />
              <param name="Z" type="float" />
            </accessor>
          </technique_common>
        </source>
        <source id="SkateShoes__SkateShoesMat01-normal">
          <float_array id="SkateShoes__SkateShoesMat01-normal-array" count="810">-0.02739726 -0.1272016 0.9921722 -0.8767123 -0.3855186 0.2876712 -0.01174168 -0.4774951 0.8786693 0.02935421 -0.1272016 0.9921722 -0.9217221 -0.3855186 -0.02935421 -0.6790606 -0.6986302 0.2289628 -0.9021527 -0.3855186 -0.1898239 -0.6849315 -0.7299413 -0.01565558 -0.01761252 -0.9863014 0.1624266 0.01174168 -0.4579256 0.888454 0.6829746 -0.702544 0.2035225 0.8845401 -0.3874756 0.260274 -0.816047 -0.4011742 -0.4148728 -0.6731898 -0.7279844 -0.1330724 -0.02544031 -1 0 0.01761252 -0.9863014 0.1702544 0.6849315 -0.7299413 -0.01565558 0.9217221 -0.3855186 -0.02935421 -0.6555773 -0.4324853 -0.6183953 -0.6340509 -0.7142857 -0.295499 -0.02348337 -1 -0.005870841 0.02544031 -1 0 0.6731898 -0.7279844 -0.1330724 0.9021527 -0.3855186 -0.1898239 -0.516634 -0.7103718 -0.4755382 -0.3307241 -0.6986302 -0.6340509 -0.4344423 -0.4579256 -0.776908 -0.02544031 -1 -0.01369863 0.02348337 -1 -0.005870841 0.6340509 -0.7142857 -0.295499 0.816047 -0.4011742 -0.4148728 -0.02739726 -1 -0.02739726 -0.2015656 -0.4500979 -0.8688846 -0.1682975 -0.6966732 -0.6986302 -0.02739726 -0.9921722 -0.1174168 -0.03131115 -0.9980431 -0.06262231 0.02544031 -1 -0.01369863 0.02739726 -1 -0.02739726 0.516634 -0.7103718 -0.4755382 0.6555773 -0.4324853 -0.6183953 0.03131115 -0.9980431 -0.06262231 0 -0.4422701 -0.8962818 0 -0.7005871 -0.7123288 0 -0.9334638 -0.3600783 0.02739726 -0.9921722 -0.1174168 0.3307241 -0.6986302 -0.6340509 0.4344423 -0.4579256 -0.776908 0.1682975 -0.6966732 -0.6986302 0.2015656 -0.4500979 -0.8688846 0.02935421 -0.1369863 -0.9902152 0.8590998 -0.4011742 -0.3189824 0.01174168 -0.5048923 -0.8630137 -0.02935421 -0.1369863 -0.9902152 0.9158513 -0.4031311 -0.02348337 0.6438356 -0.7240704 -0.2465753 0.01565558 -0.9882583 -0.148728 -0.01174168 -0.483366 -0.8747554 -0.6477495 -0.7279844 -0.2250489 -0.8669276 -0.4031311 -0.2935421 0.8943248 -0.407045 0.18591 0.6575342 -0.7534246 -0.02348337 0.02348337 -1 0 -0.01565558 -0.9882583 -0.1545988 -0.6575342 -0.7534246 -0.02348337 -0.9158513 -0.4031311 -0.02348337 0.7749511 -0.4305284 0.4637965 0.6536204 -0.7455969 0.1232877 0.02348337 -1 0.005870841 -0.02348337 -1 0 -0.6536204 -0.7455969 0.1232877 -0.8943248 -0.407045 0.18591 0.6164383 -0.4657534 0.6340509 0.5968689 -0.7318982 0.3268102 0.02544031 -1 0.01565558 -0.02348337 -1 0.005870841 -0.5968689 -0.7318982 0.3268102 -0.7749511 -0.4305284 0.4637965 0.4735812 -0.7377691 0.483366 0.3424658 -0.739726 0.5792564 0.4559687 -0.4970646 0.7377691 0.02544031 -1 0.02739726 -0.02544031 -1 0.01565558 -0.02544031 -1 0.02739726 -0.4735812 -0.7377691 0.483366 -0.6164383 -0.4657534 0.6340509 0.2328767 -0.4970646 0.8356164 0.1917808 -0.7338552 0.6516634 0.02935421 -0.9941292 0.0998043 0.0332681 -0.9980431 0.05479452 -0.0332681 -0.9980431 0.05479452 -0.3424658 -0.739726 0.5792564 -0.4559687 -0.4970646 0.7377691 0 -0.4853229 0.8747554 0 -0.739726 0.6731898 0 -0.9452055 0.3248532 -0.02935421 -0.9941292 0.0998043 -0.1917808 -0.7338552 0.6516634 -0.2328767 -0.4970646 0.8356164 -0.6888454 -0.02348337 -0.7240704 -0.6908023 0.03522505 -0.7221135 -0.6888454 -0.02348337 -0.7240704 -0.7221135 0.2759295 -0.6360078 -0.6888454 0.04500978 -0.7221135 -0.7260274 0.295499 -0.6223092 -0.6927593 0.7201566 -0.04892368 -0.7005871 0.7084149 -0.07632094 -0.7651663 0.5949119 0.2465753 -0.7651663 0.5949119 0.2465753 -0.6653621 0 0.7475538 -0.6653621 0 0.7475538 -0.7084149 0 -0.7064579 -0.8101761 0.3796478 -0.4481409 -0.7084149 0 -0.7064579 -0.6966732 0.7162427 -0.037182 -0.8082192 0.3600783 -0.4637965 -0.702544 0.6868885 -0.1878669 -0.6966732 0.7162427 -0.037182 -0.7142857 0.5636008 -0.4148728 -0.702544 0.6888454 -0.1761252 -0.7103718 0.332681 -0.6203523 -0.7142857 0.5733855 -0.4011742 -0.7064579 0.1135029 -0.6986302 -0.7103718 0.332681 -0.6203523 -0.6908023 -0.1409002 -0.7103718 -0.7064579 0.09197652 -0.702544 -0.6947162 -0.7181996 -0.01761252 -0.7475538 -0.6457925 -0.1585127 -0.6986302 -0.7162427 0.007827789 -0.6986302 -0.7162427 0.007827789 -0.704501 -0.7103718 0.02152642 -0.6986302 -0.7162427 0.007827789 -0.7377691 -0.6262231 0.2504892 -0.7377691 -0.6320939 0.2348337 -0.7318982 -0.4657534 0.4970646 -0.7318982 -0.4970646 0.4657534 -0.7221135 -0.2191781 0.6555773 -0.7221135 -0.2191781 0.6555773 -0.7064579 0.01565558 0.7084149 -0.7064579 0.01565558 0.7084149 -0.7005871 0.09197652 0.7064579 -0.7005871 0.09197652 0.7064579 -1 0 0 -1 0 0 -1 0 0 -1 0 0 -1 0 0 -1 0 0 -1 0 0 -1 0 0 -1 0 0 -1 0 0 -1 0 0 -1 0 0 -1 0 0 -1 0 0 -1 0 0 -1 0 0 -1 0 0 -1 0 0 -1 0 0 -1 0 0 -1 0 0 0.6888454 -0.02348337 -0.7240704 0.6888454 -0.02348337 -0.7240704 0.6908023 0.03522505 -0.7221135 0.6888454 0.04500978 -0.7221135 0.7221135 0.2759295 -0.6360078 0.7260274 0.295499 -0.6223092 0.6927593 0.7201566 -0.04892368 0.7005871 0.7084149 -0.07632094 0.7651663 0.5909981 0.2524462 0.7651663 0.5909981 0.2524462 0.6653621 0 0.7475538 0.6653621 0 0.7475538 0.7084149 0 -0.7064579 0.7084149 0 -0.7064579 0.8101761 0.3796478 -0.4481409 0.8082192 0.3600783 -0.4637965 0.6966732 0.7162427 -0.037182 0.6966732 0.7162427 -0.037182 0.702544 0.6868885 -0.1878669 0.702544 0.6888454 -0.1761252 0.7142857 0.5636008 -0.4148728 0.7142857 0.5733855 -0.4011742 0.7103718 0.3385518 -0.6164383 0.7103718 0.3385518 -0.6164383 0.7064579 0.1135029 -0.6986302 0.7064579 0.09197652 -0.702544 0.6908023 -0.1409002 -0.7103718 0.7475538 -0.6457925 -0.1585127 0.6947162 -0.7181996 -0.01761252 0.6986302 -0.7162427 0.007827789 0.6986302 -0.7162427 0.007827789 0.6986302 -0.7162427 0.007827789 0.704501 -0.7103718 0.02152642 0.7377691 -0.6320939 0.2348337 0.7377691 -0.6262231 0.2504892 0.7318982 -0.4970646 0.4657534 0.7318982 -0.4657534 0.4970646 0.7221135 -0.2113503 0.6594912 0.7221135 -0.2113503 0.6594912 0.7064579 0.01369863 0.7084149 0.7064579 0.01369863 0.7084149 0.7005871 0.09197652 0.7064579 0.7005871 0.09197652 0.7064579 1 0 0 1 0 0 1 0 0 1 0 0 1 0 0 1 0 0 1 0 0 1 0 0 1 0 0 1 0 0 1 0 0 1 0 0 1 0 0 1 0 0 1 0 0 1 0 0 1 0 0 1 0 0 1 0 0 1 0 0 1 0 0 0 -0.03913894 -1 0 0.04892368 -0.9980431 0 -0.03913894 -1 0 0.04892368 -0.9980431 0 0.4207436 -0.9060665 0 0.4207436 -0.9060665 0 0.9960861 -0.08023483 0 0.9960861 -0.08023483 0 0.9217221 0.3874756 0 0.9217221 0.3874756 0 0 1 0 0 1 0 0 -1 0 0.6340509 -0.7729941 0 0 -1 0 0.6340509 -0.7729941 0 0.9980431 -0.05283757 0 0.9980431 -0.05283757 0 0.964775 -0.260274 0 0.964775 -0.260274 0 0.8101761 -0.5851272 0 0.8101761 -0.5851272 0 0.479452 -0.8786693 0 0.479452 -0.8786693 0 0.148728 -0.9882583 0 0.148728 -0.9882583 0 -0.3287671 -0.9452055 0 -0.3287671 -0.9452055 0 -0.9980431 -0.0704501 0 -0.9980431 -0.0704501 0 -1 0 0 -1 0 0 -1 0.01761252 0 -1 0.01761252 0 -0.9295499 0.37182 0 -0.9295499 0.37182 0 -0.702544 0.7123288 0 -0.702544 0.7123288 0 -0.3033268 0.9530333 0 -0.3033268 0.9530333 0 0.02152642 1 0 0.02152642 1 0 0.1291585 0.9921722 0 0.1291585 0.9921722</float_array>
          <technique_common>
            <accessor source="#SkateShoes__SkateShoesMat01-normal-array" count="270" stride="3">
              <param name="X" type="float" />
              <param name="Y" type="float" />
              <param name="Z" type="float" />
            </accessor>
          </technique_common>
        </source>
        <source id="SkateShoes__SkateShoesMat01-color">
          <float_array id="SkateShoes__SkateShoesMat01-color-array" count="1080">0.5882353 0.5882353 0.5882353 1 0.5882353 0.5882353 0.5882353 1 0.6901961 0.6901961 0.6901961 1 0.5882353 0.5882353 0.5882353 1 0.5882353 0.5882353 0.5882353 1 0.7333333 0.7333333 0.7333333 1 0.5882353 0.5882353 0.5882353 1 0.7411765 0.7411765 0.7411765 1 0.7960784 0.7960784 0.7960784 1 0.6941177 0.6941177 0.6941177 1 0.7333333 0.7333333 0.7333333 1 0.5882353 0.5882353 0.5882353 1 0.5882353 0.5882353 0.5882353 1 0.7411765 0.7411765 0.7411765 1 0.8 0.8 0.8 1 0.7960784 0.7960784 0.7960784 1 0.7411765 0.7411765 0.7411765 1 0.5882353 0.5882353 0.5882353 1 0.5882353 0.5882353 0.5882353 1 0.7450981 0.7450981 0.7450981 1 0.7921569 0.7921569 0.7921569 1 0.8 0.8 0.8 1 0.7411765 0.7411765 0.7411765 1 0.5882353 0.5882353 0.5882353 1 0.7411765 0.7411765 0.7411765 1 0.7372549 0.7372549 0.7372549 1 0.5882353 0.5882353 0.5882353 1 0.7882353 0.7882353 0.7882353 1 0.7882353 0.7882353 0.7882353 1 0.7450981 0.7450981 0.7450981 1 0.5882353 0.5882353 0.5882353 1 0.772549 0.772549 0.772549 1 0.5882353 0.5882353 0.5882353 1 0.7333333 0.7333333 0.7333333 1 0.7647059 0.7647059 0.7647059 1 0.7647059 0.7647059 0.7647059 1 0.7803922 0.7803922 0.7803922 1 0.772549 0.772549 0.772549 1 0.7411765 0.7411765 0.7411765 1 0.5882353 0.5882353 0.5882353 1 0.772549 0.772549 0.772549 1 0.5882353 0.5882353 0.5882353 1 0.7294118 0.7294118 0.7294118 1 0.7843137 0.7843137 0.7843137 1 0.7647059 0.7647059 0.7647059 1 0.7372549 0.7372549 0.7372549 1 0.5882353 0.5882353 0.5882353 1 0.7294118 0.7294118 0.7294118 1 0.5882353 0.5882353 0.5882353 1 0.5882353 0.5882353 0.5882353 1 0.5921569 0.5921569 0.5921569 1 0.6941177 0.6941177 0.6941177 1 0.5882353 0.5882353 0.5882353 1 0.5882353 0.5882353 0.5882353 1 0.7333333 0.7333333 0.7333333 1 0.8039216 0.8039216 0.8039216 1 0.6941177 0.6941177 0.6941177 1 0.7333333 0.7333333 0.7333333 1 0.5882353 0.5882353 0.5882353 1 0.5882353 0.5882353 0.5882353 1 0.7372549 0.7372549 0.7372549 1 0.8078431 0.8078431 0.8078431 1 0.8039216 0.8039216 0.8039216 1 0.7372549 0.7372549 0.7372549 1 0.5843138 0.5843138 0.5843138 1 0.5882353 0.5882353 0.5882353 1 0.7411765 0.7411765 0.7411765 1 0.8117647 0.8117647 0.8117647 1 0.8117647 0.8117647 0.8117647 1 0.7411765 0.7411765 0.7411765 1 0.5882353 0.5882353 0.5882353 1 0.5882353 0.5882353 0.5882353 1 0.7450981 0.7450981 0.7450981 1 0.8156863 0.8156863 0.8156863 1 0.8117647 0.8117647 0.8117647 1 0.7450981 0.7450981 0.7450981 1 0.5882353 0.5882353 0.5882353 1 0.7411765 0.7411765 0.7411765 1 0.7411765 0.7411765 0.7411765 1 0.5882353 0.5882353 0.5882353 1 0.8039216 0.8039216 0.8039216 1 0.8156863 0.8156863 0.8156863 1 0.8039216 0.8039216 0.8039216 1 0.7411765 0.7411765 0.7411765 1 0.5882353 0.5882353 0.5882353 1 0.5882353 0.5882353 0.5882353 1 0.7411765 0.7411765 0.7411765 1 0.8 0.8 0.8 1 0.7960784 0.7960784 0.7960784 1 0.7960784 0.7960784 0.7960784 1 0.7411765 0.7411765 0.7411765 1 0.5882353 0.5882353 0.5882353 1 0.5882353 0.5882353 0.5882353 1 0.7333333 0.7333333 0.7333333 1 0.7529412 0.7529412 0.7529412 1 0.8 0.8 0.8 1 0.7411765 0.7411765 0.7411765 1 0.5882353 0.5882353 0.5882353 1 0.4117647 0.4117647 0.4117647 1 0.4470588 0.4470588 0.4470588 1 0.4627451 0.4627451 0.4627451 1 0.4235294 0.4235294 0.4235294 1 0.572549 0.572549 0.572549 1 0.5882353 0.5882353 0.5882353 1 0.3529412 0.3529412 0.3529412 1 0.6117647 0.6117647 0.6117647 1 0.4235294 0.4235294 0.4235294 1 0.6588235 0.6588235 0.6588235 1 0.4745098 0.4745098 0.4745098 1 0.4745098 0.4745098 0.4745098 1 0.4745098 0.4745098 0.4745098 1 0.6352941 0.6352941 0.6352941 1 0.4745098 0.4745098 0.4745098 1 0.6509804 0.6509804 0.6509804 1 0.7647059 0.7647059 0.7647059 1 0.7254902 0.7254902 0.7254902 1 0.7647059 0.7647059 0.7647059 1 0.8235294 0.8235294 0.8235294 1 0.8078431 0.8078431 0.8078431 1 0.9215686 0.9215686 0.9215686 1 0.8588235 0.8588235 0.8588235 1 0.9803922 0.9803922 0.9803922 1 0.9098039 0.9098039 0.9098039 1 1 1 1 1 0.9411765 0.9411765 0.9411765 1 1 1 1 1 0.9803922 0.9803922 0.9803922 1 1 1 1 1 0.9098039 0.9098039 0.9098039 1 1 1 1 1 0.9098039 0.9098039 0.9098039 1 0.9960784 0.9960784 0.9960784 1 0.8862745 0.8862745 0.8862745 1 0.9882353 0.9882353 0.9882353 1 0.9019608 0.9019608 0.9019608 1 0.9490196 0.9490196 0.9490196 1 0.8588235 0.8588235 0.8588235 1 0.827451 0.827451 0.827451 1 0.7568628 0.7568628 0.7568628 1 0.4862745 0.4862745 0.4862745 1 0.4980392 0.4980392 0.4980392 1 0.4745098 0.4745098 0.4745098 1 0.7647059 0.7647059 0.7647059 1 0.4745098 0.4745098 0.4745098 1 0.7647059 0.7647059 0.7647059 1 0.9098039 0.9098039 0.9098039 1 0.6588235 0.6588235 0.6588235 1 0.8078431 0.8078431 0.8078431 1 0.9411765 0.9411765 0.9411765 1 0.9803922 0.9803922 0.9803922 1 0.8588235 0.8588235 0.8588235 1 0.9098039 0.9098039 0.9098039 1 0.9098039 0.9098039 0.9098039 1 0.6117647 0.6117647 0.6117647 1 0.8862745 0.8862745 0.8862745 1 0.5882353 0.5882353 0.5882353 1 0.9019608 0.9019608 0.9019608 1 0.572549 0.572549 0.572549 1 0.8588235 0.8588235 0.8588235 1 0.4980392 0.4980392 0.4980392 1 0.4627451 0.4627451 0.4627451 1 0.7568628 0.7568628 0.7568628 1 0.4156863 0.4156863 0.4156863 1 0.4588235 0.4588235 0.4588235 1 0.4509804 0.4509804 0.4509804 1 0.572549 0.572549 0.572549 1 0.4235294 0.4235294 0.4235294 1 0.5882353 0.5882353 0.5882353 1 0.3529412 0.3529412 0.3529412 1 0.6117647 0.6117647 0.6117647 1 0.6588235 0.6588235 0.6588235 1 0.4235294 0.4235294 0.4235294 1 0.4745098 0.4745098 0.4745098 1 0.4745098 0.4745098 0.4745098 1 0.4745098 0.4745098 0.4745098 1 0.4745098 0.4745098 0.4745098 1 0.6352941 0.6352941 0.6352941 1 0.7647059 0.7647059 0.7647059 1 0.6470588 0.6470588 0.6470588 1 0.7647059 0.7647059 0.7647059 1 0.7254902 0.7254902 0.7254902 1 0.8078431 0.8078431 0.8078431 1 0.8235294 0.8235294 0.8235294 1 0.8588235 0.8588235 0.8588235 1 0.9215686 0.9215686 0.9215686 1 0.9098039 0.9098039 0.9098039 1 0.9803922 0.9803922 0.9803922 1 0.9411765 0.9411765 0.9411765 1 1 1 1 1 0.9764706 0.9764706 0.9764706 1 1 1 1 1 0.9098039 0.9098039 0.9098039 1 1 1 1 1 0.9098039 0.9098039 0.9098039 1 1 1 1 1 0.8862745 0.8862745 0.8862745 1 0.9960784 0.9960784 0.9960784 1 0.9019608 0.9019608 0.9019608 1 0.9882353 0.9882353 0.9882353 1 0.8470588 0.8470588 0.8470588 1 0.9490196 0.9490196 0.9490196 1 0.7568628 0.7568628 0.7568628 1 0.827451 0.827451 0.827451 1 0.5019608 0.5019608 0.5019608 1 0.4862745 0.4862745 0.4862745 1 0.4745098 0.4745098 0.4745098 1 0.4745098 0.4745098 0.4745098 1 0.7647059 0.7647059 0.7647059 1 0.6588235 0.6588235 0.6588235 1 0.9098039 0.9098039 0.9098039 1 0.7647059 0.7647059 0.7647059 1 0.6117647 0.6117647 0.6117647 1 0.9098039 0.9098039 0.9098039 1 0.9764706 0.9764706 0.9764706 1 0.9411765 0.9411765 0.9411765 1 0.9098039 0.9098039 0.9098039 1 0.8588235 0.8588235 0.8588235 1 0.8078431 0.8078431 0.8078431 1 0.8862745 0.8862745 0.8862745 1 0.5882353 0.5882353 0.5882353 1 0.572549 0.572549 0.572549 1 0.9019608 0.9019608 0.9019608 1 0.4588235 0.4588235 0.4588235 1 0.5019608 0.5019608 0.5019608 1 0.7568628 0.7568628 0.7568628 1 0.8470588 0.8470588 0.8470588 1 0.4156863 0.4156863 0.4156863 1 0.4470588 0.4470588 0.4470588 1 0.4117647 0.4117647 0.4117647 1 0.4509804 0.4509804 0.4509804 1 0.4235294 0.4235294 0.4235294 1 0.4235294 0.4235294 0.4235294 1 0.3529412 0.3529412 0.3529412 1 0.3529412 0.3529412 0.3529412 1 0.4235294 0.4235294 0.4235294 1 0.4235294 0.4235294 0.4235294 1 0.4745098 0.4745098 0.4745098 1 0.4745098 0.4745098 0.4745098 1 0.4745098 0.4745098 0.4745098 1 0.6352941 0.6352941 0.6352941 1 0.4745098 0.4745098 0.4745098 1 0.6352941 0.6352941 0.6352941 1 0.6470588 0.6470588 0.6470588 1 0.6509804 0.6509804 0.6509804 1 0.7254902 0.7254902 0.7254902 1 0.7254902 0.7254902 0.7254902 1 0.8235294 0.8235294 0.8235294 1 0.8235294 0.8235294 0.8235294 1 0.9215686 0.9215686 0.9215686 1 0.9215686 0.9215686 0.9215686 1 0.9803922 0.9803922 0.9803922 1 0.9803922 0.9803922 0.9803922 1 1 1 1 1 1 1 1 1 1 1 1 1 1 1 1 1 1 1 1 1 1 1 1 1 1 1 1 1 1 1 1 1 0.9960784 0.9960784 0.9960784 1 0.9960784 0.9960784 0.9960784 1 0.9882353 0.9882353 0.9882353 1 0.9882353 0.9882353 0.9882353 1 0.9490196 0.9490196 0.9490196 1 0.9490196 0.9490196 0.9490196 1 0.827451 0.827451 0.827451 1 0.827451 0.827451 0.827451 1 0.4862745 0.4862745 0.4862745 1 0.4862745 0.4862745 0.4862745 1</float_array>
          <technique_common>
            <accessor source="#SkateShoes__SkateShoesMat01-color-array" count="270" stride="4">
              <param name="R" type="float" />
              <param name="G" type="float" />
              <param name="B" type="float" />
              <param name="A" type="float" />
            </accessor>
          </technique_common>
        </source>
        <source id="SkateShoes__SkateShoesMat01-texcoord">
          <float_array id="SkateShoes__SkateShoesMat01-texcoord-array" count="540">-0.3320715 -0.005251646 -0.3220904 -0.005251646 -0.3298486 -0.4315783 -0.3320715 -0.005251646 -0.262557 -0.005251646 -0.3198675 -0.4315783 -0.1872625 -0.005251646 -0.263338 -0.4315783 -0.3114786 -0.9015353 -0.3298486 -0.4315783 -0.3198675 -0.4315783 -0.3220904 -0.005251646 -0.1153057 -0.005251646 -0.1903869 -0.4315783 -0.2592787 -0.9015353 -0.3114786 -0.9015353 -0.263338 -0.4315783 -0.262557 -0.005251646 -0.05878961 -0.005251646 -0.1216357 -0.4315783 -0.1908203 -0.9015334 -0.2592787 -0.9015353 -0.1903869 -0.4315783 -0.1872625 -0.005251646 -0.06577003 -0.4315783 -0.02706552 -0.4315783 -0.01998818 -0.005251646 -0.1264342 -0.9015334 -0.1908203 -0.9015334 -0.1216357 -0.4315783 -0.1153057 -0.005251646 -0.07886195 -0.9015334 0.01381469 -0.005251646 0.003362656 -0.4315783 -0.01709092 -0.9015334 -0.04390359 -0.9015334 -0.1264342 -0.9015334 -0.07886195 -0.9015334 -0.06577003 -0.4315783 -0.05878961 -0.005251646 -0.04390359 -0.9015334 0.01868284 -0.005251646 0.009567857 -0.4315783 -0.01121628 -0.9015334 -0.01709092 -0.9015334 -0.02706552 -0.4315783 -0.01998818 -0.005251646 0.003362656 -0.4315783 0.01381469 -0.005251646 -0.5914434 -0.005251646 -0.6025378 -0.005251646 -0.5939143 -0.4315783 -0.5914434 -0.005251646 -0.6687108 -0.005251646 -0.6050086 -0.4315783 -0.614333 -0.9015353 -0.5939143 -0.4315783 -0.6050086 -0.4315783 -0.6025378 -0.005251646 -0.7524028 -0.005251646 -0.6678427 -0.4315783 -0.6723549 -0.9015353 -0.614333 -0.9015353 -0.6678427 -0.4315783 -0.6687108 -0.005251646 -0.832385 -0.005251646 -0.7489301 -0.4315783 -0.7484483 -0.9015334 -0.6723549 -0.9015353 -0.7489301 -0.4315783 -0.7524028 -0.005251646 -0.8952041 -0.005251646 -0.825349 -0.4315783 -0.8200152 -0.9015334 -0.7484483 -0.9015334 -0.825349 -0.4315783 -0.832385 -0.005251646 -0.8874452 -0.4315783 -0.9263124 -0.4315783 -0.9341791 -0.005251646 -0.8728932 -0.9015334 -0.8200152 -0.9015334 -0.8728932 -0.9015334 -0.8874452 -0.4315783 -0.8952041 -0.005251646 -0.9759059 -0.005251646 -0.9642882 -0.4315783 -0.9415534 -0.9015334 -0.9075964 -0.9015334 -0.9075964 -0.9015334 -0.9263124 -0.4315783 -0.9341791 -0.005251646 -0.981317 -0.005251646 -0.9711854 -0.4315783 -0.9480833 -0.9015334 -0.9415534 -0.9015334 -0.9642882 -0.4315783 -0.9759059 -0.005251646 -0.7508844 0.9175587 -0.7533739 0.4659616 -0.760551 0.9175587 -0.7458428 0.4040312 -0.7621969 0.4623626 -0.7540243 0.39506 -0.723491 0.3617417 -0.7310308 0.3473982 -0.4174733 0.3617417 -0.408862 0.3473982 -0.4174732 0.9168122 -0.408862 0.9168122 -0.2463068 0.9168122 -0.2463068 0.3617417 -0.256004 0.9168122 -0.1412146 0.3617417 -0.256004 0.3473982 -0.09328818 0.348578 -0.1419425 0.3461144 -0.05504811 0.3242014 -0.09748244 0.3341807 -0.02982545 0.2742844 -0.06153023 0.3124582 -0.01721871 0.2117924 -0.03802085 0.2659004 -0.01972318 0.1654398 -0.02659535 0.2074814 -0.03044176 0.1502559 -0.02936614 0.1654398 -0.151065 0.1502559 -0.1452173 0.1654398 -0.848272 0.1502559 -0.8403016 0.1654398 -0.925991 0.1717412 -0.9207452 0.1870766 -0.9819018 0.2367133 -0.9716203 0.2441449 -1.008288 0.3068881 -0.9989973 0.3112645 -1.017219 0.417003 -1.007483 0.417434 -1.004833 0.9175587 -0.9953497 0.9175587 -0.256004 0.9168122 -0.256004 0.3473982 -0.408862 0.9168122 -0.1419425 0.3461144 -0.1452173 0.1654398 -0.408862 0.3473982 -0.09748244 0.3341807 -0.02659535 0.2074814 -0.02936614 0.1654398 -0.06153023 0.3124582 -0.03802085 0.2659004 -0.8403016 0.1654398 -0.7310308 0.3473982 -0.9207452 0.1870766 -0.7540243 0.39506 -0.9716203 0.2441449 -0.7621969 0.4623626 -0.9989973 0.3112645 -0.9953497 0.9175587 -0.760551 0.9175587 -1.007483 0.417434 -0.7508844 0.9175587 -0.760551 0.9175587 -0.7533739 0.4659616 -0.762197 0.4623626 -0.7458428 0.4040312 -0.7540243 0.39506 -0.723491 0.3617417 -0.7310308 0.3473982 -0.408862 0.3473982 -0.4174733 0.3617417 -0.408862 0.9168122 -0.4174732 0.9168122 -0.2463068 0.9168122 -0.256004 0.9168122 -0.2463068 0.3617417 -0.256004 0.3473982 -0.1412146 0.3617417 -0.1419425 0.3461144 -0.09328818 0.348578 -0.09748244 0.3341807 -0.05504811 0.3242014 -0.06153023 0.3124582 -0.02982545 0.2742844 -0.03802085 0.2659004 -0.01721871 0.2117924 -0.02659535 0.2074814 -0.01972318 0.1654398 -0.02936614 0.1654398 -0.03044176 0.1502559 -0.1452173 0.1654398 -0.151065 0.1502559 -0.8403016 0.1654398 -0.848272 0.1502559 -0.9207452 0.1870766 -0.925991 0.1717412 -0.9716203 0.2441449 -0.9819018 0.2367133 -0.9989973 0.3112645 -1.008288 0.3068881 -1.007483 0.417434 -1.017219 0.417003 -0.9953497 0.9175587 -1.004833 0.9175587 -0.256004 0.9168122 -0.408862 0.9168122 -0.256004 0.3473982 -0.408862 0.3473982 -0.1452173 0.1654398 -0.1419425 0.3461144 -0.7310308 0.3473982 -0.8403016 0.1654398 -0.02936614 0.1654398 -0.02659535 0.2074814 -0.03802085 0.2659004 -0.06153023 0.3124582 -0.09748244 0.3341807 -0.9207452 0.1870766 -0.7540243 0.39506 -0.762197 0.4623626 -0.9716203 0.2441449 -0.760551 0.9175587 -0.9953497 0.9175587 -1.007483 0.417434 -0.9989973 0.3112645 -0.7508844 0.9175587 -0.7533739 0.4659616 -0.7508844 0.9175587 -0.7533739 0.4659616 -0.7458428 0.4040312 -0.7458428 0.4040312 -0.723491 0.3617417 -0.723491 0.3617417 -0.4174733 0.3617417 -0.4174733 0.3617417 -0.4174732 0.9168122 -0.4174732 0.9168122 -0.2463068 0.9168122 -0.2463068 0.3617417 -0.2463068 0.9168122 -0.2463068 0.3617417 -0.1412146 0.3617417 -0.1412146 0.3617417 -0.09328818 0.348578 -0.09328818 0.348578 -0.05504811 0.3242014 -0.05504811 0.3242014 -0.02982545 0.2742844 -0.02982545 0.2742844 -0.01721871 0.2117924 -0.01721871 0.2117924 -0.01972318 0.1654398 -0.01972318 0.1654398 -0.03044176 0.1502559 -0.03044176 0.1502559 -0.151065 0.1502559 -0.151065 0.1502559 -0.848272 0.1502559 -0.848272 0.1502559 -0.925991 0.1717412 -0.925991 0.1717412 -0.9819018 0.2367133 -0.9819018 0.2367133 -1.008288 0.3068881 -1.008288 0.3068881 -1.017219 0.417003 -1.017219 0.417003 -1.004833 0.9175587 -1.004833 0.9175587</float_array>
          <technique_common>
            <accessor source="#SkateShoes__SkateShoesMat01-texcoord-array" count="270" stride="2">
              <param name="S" type="float" />
              <param name="T" type="float" />
            </accessor>
          </technique_common>
        </source>
        <vertices id="SkateShoes__SkateShoesMat01-vertex">
          <input semantic="POSITION" source="#SkateShoes__SkateShoesMat01-position" />
        </vertices>
        <triangles material="SkateShoesMat01" count="314">
          <input semantic="VERTEX" source="#SkateShoes__SkateShoesMat01-vertex" offset="0" />
          <input semantic="NORMAL" source="#SkateShoes__SkateShoesMat01-normal" offset="1" />
          <input semantic="COLOR" source="#SkateShoes__SkateShoesMat01-color" offset="2" set="0" />
          <input semantic="TEXCOORD" source="#SkateShoes__SkateShoesMat01-texcoord" offset="3" set="0" />
          <p>0 0 0 0 1 1 1 1 2 2 2 2 0 0 0 0 2 2 2 2 3 3 3 3 1 1 1 1 4 4 4 4 5 5 5 5 1 1 1 1 5 5 5 5 2 2 2 2 4 4 4 4 6 6 6 6 7 7 7 7 4 4 4 4 7 7 7 7 5 5 5 5 5 5 5 5 7 7 7 7 8 8 8 8 5 5 5 5 8 8 8 8 2 2 2 2 2 2 2 2 8 8 8 8 9 9 9 9 2 2 2 2 9 9 9 9 3 3 3 3 3 3 3 3 9 9 9 9 10 10 10 10 3 3 3 3 10 10 10 10 11 11 11 11 6 6 6 6 12 12 12 12 13 13 13 13 6 6 6 6 13 13 13 13 7 7 7 7 7 7 7 7 14 14 14 14 8 8 8 8 7 7 7 7 13 13 13 13 14 14 14 14 8 8 8 8 14 14 14 14 15 15 15 15 8 8 8 8 15 15 15 15 9 9 9 9 9 9 9 9 15 15 15 15 10 10 10 10 10 10 10 10 15 15 15 15 16 16 16 16 10 10 10 10 17 17 17 17 11 11 11 11 10 10 10 10 16 16 16 16 17 17 17 17 12 12 12 12 18 18 18 18 19 19 19 19 12 12 12 12 19 19 19 19 13 13 13 13 13 13 13 13 19 19 19 19 20 20 20 20 13 13 13 13 20 20 20 20 14 14 14 14 14 14 14 14 21 21 21 21 15 15 15 15 14 14 14 14 20 20 20 20 21 21 21 21 15 15 15 15 21 21 21 21 16 16 16 16 16 16 16 16 21 21 21 21 22 22 22 22 16 16 16 16 22 22 22 22 23 23 23 23 16 16 16 16 23 23 23 23 17 17 17 17 18 18 18 18 24 24 24 24 19 19 19 19 18 18 18 18 25 25 25 25 24 24 24 24 18 18 18 18 26 26 26 26 25 25 25 25 19 19 19 19 24 24 24 24 27 27 27 27 19 19 19 19 27 27 27 27 20 20 20 20 20 20 20 20 28 28 28 28 21 21 21 21 20 20 20 20 27 27 27 27 28 28 28 28 21 21 21 21 28 28 28 28 22 22 22 22 22 22 22 22 28 28 28 28 29 29 29 29 22 22 22 22 29 29 29 29 30 30 30 30 22 22 22 22 30 30 30 30 23 23 23 23 24 24 24 24 31 31 31 31 27 27 27 27 24 24 24 24 25 25 25 25 31 31 31 31 26 26 26 26 32 32 32 32 25 25 25 25 25 25 25 25 33 33 33 33 34 34 34 34 25 25 25 25 34 34 34 34 35 35 35 35 25 25 25 25 32 32 32 32 33 33 33 33 25 25 25 25 35 35 35 35 31 31 31 31 27 27 27 27 36 36 36 36 28 28 28 28 27 27 27 27 37 37 37 37 36 36 36 36 27 27 27 27 31 31 31 31 37 37 37 37 28 28 28 28 36 36 36 36 29 29 29 29 29 29 29 29 36 36 36 36 38 38 38 38 29 29 29 29 39 39 39 39 30 30 30 30 29 29 29 29 38 38 38 38 39 39 39 39 31 31 31 31 40 40 40 40 37 37 37 37 31 31 31 31 35 35 35 35 40 40 40 40 32 32 32 32 41 41 41 41 33 33 33 33 33 33 33 33 42 42 42 42 34 34 34 34 33 33 33 33 41 41 41 41 42 42 42 42 34 34 34 34 43 43 43 43 44 44 44 44 34 34 34 34 42 42 42 42 43 43 43 43 34 34 34 34 44 44 44 44 35 35 35 35 35 35 35 35 44 44 44 44 40 40 40 40 36 36 36 36 37 37 37 37 38 38 38 38 37 37 37 37 40 40 40 40 45 45 45 45 37 37 37 37 45 45 45 45 38 38 38 38 38 38 38 38 45 45 45 45 39 39 39 39 39 39 39 39 45 45 45 45 46 46 46 46 40 40 40 40 44 44 44 44 45 45 45 45 41 41 41 41 47 47 47 47 42 42 42 42 41 41 41 41 48 48 48 48 47 47 47 47 42 42 42 42 44 44 44 44 43 43 43 43 42 42 42 42 47 47 47 47 44 44 44 44 44 44 44 44 47 47 47 47 45 45 45 45 45 45 45 45 47 47 47 47 48 48 48 48 45 45 45 45 48 48 48 48 46 46 46 46 49 49 49 49 50 50 50 50 51 51 51 51 49 49 49 49 51 51 51 51 52 52 52 52 50 50 50 50 53 53 53 53 54 54 54 54 50 50 50 50 54 54 54 54 51 51 51 51 51 51 51 51 54 54 54 54 55 55 55 55 51 51 51 51 55 55 55 55 56 56 56 56 51 51 51 51 56 56 56 56 52 52 52 52 52 52 52 52 56 56 56 56 57 57 57 57 52 52 52 52 57 57 57 57 58 58 58 58 53 53 53 53 59 59 59 59 60 60 60 60 53 53 53 53 60 60 60 60 54 54 54 54 54 54 54 54 60 60 60 60 55 55 55 55 55 55 55 55 60 60 60 60 61 61 61 61 55 55 55 55 61 61 61 61 62 62 62 62 55 55 55 55 62 62 62 62 56 56 56 56 56 56 56 56 62 62 62 62 57 57 57 57 57 57 57 57 62 62 62 62 63 63 63 63 57 57 57 57 64 64 64 64 58 58 58 58 57 57 57 57 63 63 63 63 64 64 64 64 59 59 59 59 65 65 65 65 66 66 66 66 59 59 59 59 66 66 66 66 60 60 60 60 60 60 60 60 66 66 66 66 61 61 61 61 61 61 61 61 66 66 66 66 67 67 67 67 61 61 61 61 68 68 68 68 62 62 62 62 61 61 61 61 67 67 67 67 68 68 68 68 62 62 62 62 68 68 68 68 63 63 63 63 63 63 63 63 68 68 68 68 69 69 69 69 63 63 63 63 69 69 69 69 70 70 70 70 63 63 63 63 70 70 70 70 64 64 64 64 65 65 65 65 71 71 71 71 72 72 72 72 65 65 65 65 72 72 72 72 66 66 66 66 66 66 66 66 72 72 72 72 67 67 67 67 67 67 67 67 72 72 72 72 73 73 73 73 67 67 67 67 74 74 74 74 68 68 68 68 67 67 67 67 73 73 73 73 74 74 74 74 68 68 68 68 74 74 74 74 69 69 69 69 69 69 69 69 74 74 74 74 75 75 75 75 69 69 69 69 75 75 75 75 76 76 76 76 69 69 69 69 76 76 76 76 70 70 70 70 71 71 71 71 77 77 77 77 72 72 72 72 71 71 71 71 78 78 78 78 77 77 77 77 71 71 71 71 79 79 79 79 78 78 78 78 72 72 72 72 77 77 77 77 73 73 73 73 73 73 73 73 77 77 77 77 80 80 80 80 73 73 73 73 81 81 81 81 74 74 74 74 73 73 73 73 82 82 82 82 81 81 81 81 73 73 73 73 80 80 80 80 82 82 82 82 74 74 74 74 81 81 81 81 75 75 75 75 75 75 75 75 81 81 81 81 83 83 83 83 75 75 75 75 84 84 84 84 76 76 76 76 75 75 75 75 83 83 83 83 84 84 84 84 77 77 77 77 78 78 78 78 80 80 80 80 79 79 79 79 85 85 85 85 78 78 78 78 78 78 78 78 86 86 86 86 87 87 87 87 78 78 78 78 87 87 87 87 88 88 88 88 78 78 78 78 85 85 85 85 86 86 86 86 78 78 78 78 88 88 88 88 80 80 80 80 80 80 80 80 89 89 89 89 82 82 82 82 80 80 80 80 88 88 88 88 89 89 89 89 81 81 81 81 82 82 82 82 83 83 83 83 82 82 82 82 89 89 89 89 90 90 90 90 82 82 82 82 90 90 90 90 83 83 83 83 83 83 83 83 90 90 90 90 84 84 84 84 84 84 84 84 90 90 90 90 91 91 91 91 85 85 85 85 92 92 92 92 86 86 86 86 86 86 86 86 93 93 93 93 87 87 87 87 86 86 86 86 92 92 92 92 93 93 93 93 87 87 87 87 94 94 94 94 95 95 95 95 87 87 87 87 93 93 93 93 94 94 94 94 87 87 87 87 95 95 95 95 88 88 88 88 88 88 88 88 95 95 95 95 89 89 89 89 89 89 89 89 95 95 95 95 90 90 90 90 90 90 90 90 95 95 95 95 96 96 96 96 90 90 90 90 96 96 96 96 97 97 97 97 90 90 90 90 97 97 97 97 91 91 91 91 92 92 92 92 96 96 96 96 93 93 93 93 92 92 92 92 97 97 97 97 96 96 96 96 93 93 93 93 95 95 95 95 94 94 94 94 93 93 93 93 96 96 96 96 95 95 95 95 98 98 98 98 99 99 99 99 100 100 100 100 99 99 99 99 101 101 101 101 102 102 102 102 99 99 99 99 102 102 102 102 100 100 100 100 101 101 101 101 103 103 103 103 102 102 102 102 101 101 101 101 104 104 104 104 103 103 103 103 103 103 103 103 104 104 104 104 105 105 105 105 104 104 104 104 106 106 106 106 107 107 107 107 104 104 104 104 107 107 107 107 105 105 105 105 106 106 106 106 108 108 108 108 107 107 107 107 107 107 107 107 108 108 108 108 109 109 109 109 110 110 110 110 111 111 111 111 112 112 112 112 111 111 111 111 113 113 113 113 114 114 114 114 111 111 111 111 114 114 114 114 112 112 112 112 113 113 113 113 115 115 115 115 116 116 116 116 113 113 113 113 116 116 116 116 114 114 114 114 115 115 115 115 117 117 117 117 118 118 118 118 115 115 115 115 118 118 118 118 116 116 116 116 117 117 117 117 119 119 119 119 120 120 120 120 117 117 117 117 120 120 120 120 118 118 118 118 119 119 119 119 121 121 121 121 122 122 122 122 119 119 119 119 122 122 122 122 120 120 120 120 121 121 121 121 123 123 123 123 124 124 124 124 121 121 121 121 124 124 124 124 122 122 122 122 123 123 123 123 125 125 125 125 126 126 126 126 123 123 123 123 126 126 126 126 124 124 124 124 125 125 125 125 127 127 127 127 126 126 126 126 126 126 126 126 127 127 127 127 128 128 128 128 127 127 127 127 129 129 129 129 128 128 128 128 128 128 128 128 129 129 129 129 130 130 130 130 129 129 129 129 131 131 131 131 130 130 130 130 130 130 130 130 131 131 131 131 132 132 132 132 131 131 131 131 133 133 133 133 132 132 132 132 132 132 132 132 133 133 133 133 134 134 134 134 133 133 133 133 135 135 135 135 134 134 134 134 134 134 134 134 135 135 135 135 136 136 136 136 135 135 135 135 137 137 137 137 136 136 136 136 136 136 136 136 137 137 137 137 138 138 138 138 137 137 137 137 139 139 139 139 138 138 138 138 138 138 138 138 139 139 139 139 140 140 140 140 141 141 141 141 142 142 142 142 143 143 143 143 142 142 142 142 144 144 144 144 145 145 145 145 142 142 142 142 146 146 146 146 143 143 143 143 142 142 142 142 145 145 145 145 146 146 146 146 144 144 144 144 147 147 147 147 145 145 145 145 145 145 145 145 148 148 148 148 149 149 149 149 145 145 145 145 150 150 150 150 151 151 151 151 145 145 145 145 147 147 147 147 150 150 150 150 145 145 145 145 152 152 152 152 146 146 146 146 145 145 145 145 151 151 151 151 148 148 148 148 146 146 146 146 152 152 152 152 153 153 153 153 152 152 152 152 154 154 154 154 153 153 153 153 153 153 153 153 154 154 154 154 155 155 155 155 154 154 154 154 156 156 156 156 157 157 157 157 154 154 154 154 157 157 157 157 155 155 155 155 156 156 156 156 158 158 158 158 157 157 157 157 157 157 157 157 159 159 159 159 160 160 160 160 157 157 157 157 161 161 161 161 159 159 159 159 157 157 157 157 158 158 158 158 161 161 161 161 162 162 162 162 163 163 163 163 164 164 164 164 163 163 163 163 165 165 165 165 164 164 164 164 164 164 164 164 165 165 165 165 166 166 166 166 165 165 165 165 167 167 167 167 166 166 166 166 166 166 166 166 167 167 167 167 168 168 168 168 167 167 167 167 169 169 169 169 168 168 168 168 168 168 168 168 170 170 170 170 171 171 171 171 168 168 168 168 169 169 169 169 170 170 170 170 170 170 170 170 172 172 172 172 173 173 173 173 170 170 170 170 173 173 173 173 171 171 171 171 174 174 174 174 175 175 175 175 176 176 176 176 175 175 175 175 177 177 177 177 176 176 176 176 176 176 176 176 177 177 177 177 178 178 178 178 177 177 177 177 179 179 179 179 178 178 178 178 178 178 178 178 179 179 179 179 180 180 180 180 179 179 179 179 181 181 181 181 180 180 180 180 180 180 180 180 181 181 181 181 182 182 182 182 181 181 181 181 183 183 183 183 182 182 182 182 182 182 182 182 183 183 183 183 184 184 184 184 183 183 183 183 185 185 185 185 184 184 184 184 184 184 184 184 185 185 185 185 186 186 186 186 185 185 185 185 187 187 187 187 186 186 186 186 186 186 186 186 187 187 187 187 188 188 188 188 187 187 187 187 189 189 189 189 188 188 188 188 188 188 188 188 189 189 189 189 190 190 190 190 189 189 189 189 191 191 191 191 192 192 192 192 189 189 189 189 192 192 192 192 190 190 190 190 191 191 191 191 193 193 193 193 194 194 194 194 191 191 191 191 194 194 194 194 192 192 192 192 193 193 193 193 195 195 195 195 196 196 196 196 193 193 193 193 196 196 196 196 194 194 194 194 195 195 195 195 197 197 197 197 198 198 198 198 195 195 195 195 198 198 198 198 196 196 196 196 197 197 197 197 199 199 199 199 200 200 200 200 197 197 197 197 200 200 200 200 198 198 198 198 199 199 199 199 201 201 201 201 202 202 202 202 199 199 199 199 202 202 202 202 200 200 200 200 201 201 201 201 203 203 203 203 204 204 204 204 201 201 201 201 204 204 204 204 202 202 202 202 205 205 205 205 206 206 206 206 207 207 207 207 206 206 206 206 208 208 208 208 207 207 207 207 207 207 207 207 209 209 209 209 210 210 210 210 207 207 207 207 208 208 208 208 209 209 209 209 208 208 208 208 211 211 211 211 212 212 212 212 208 208 208 208 212 212 212 212 209 209 209 209 209 209 209 209 213 213 213 213 214 214 214 214 209 209 209 209 215 215 215 215 216 216 216 216 209 209 209 209 216 216 216 216 217 217 217 217 209 209 209 209 217 217 217 217 210 210 210 210 209 209 209 209 214 214 214 214 215 215 215 215 211 211 211 211 218 218 218 218 212 212 212 212 211 211 211 211 219 219 219 219 218 218 218 218 218 218 218 218 220 220 220 220 221 221 221 221 218 218 218 218 219 219 219 219 220 220 220 220 220 220 220 220 222 222 222 222 223 223 223 223 220 220 220 220 223 223 223 223 224 224 224 224 220 220 220 220 224 224 224 224 225 225 225 225 220 220 220 220 225 225 225 225 221 221 221 221 226 226 226 226 227 227 227 227 228 228 228 228 226 226 226 226 229 229 229 229 227 227 227 227 227 227 227 227 229 229 229 229 230 230 230 230 227 227 227 227 230 230 230 230 231 231 231 231 230 230 230 230 232 232 232 232 231 231 231 231 231 231 231 231 232 232 232 232 233 233 233 233 232 232 232 232 234 234 234 234 233 233 233 233 233 233 233 233 234 234 234 234 235 235 235 235 234 234 234 234 236 236 236 236 235 235 235 235 235 235 235 235 236 236 236 236 237 237 237 237 238 238 238 238 239 239 239 239 240 240 240 240 238 238 238 238 241 241 241 241 239 239 239 239 239 239 239 239 241 241 241 241 242 242 242 242 239 239 239 239 242 242 242 242 243 243 243 243 242 242 242 242 244 244 244 244 243 243 243 243 243 243 243 243 244 244 244 244 245 245 245 245 244 244 244 244 246 246 246 246 245 245 245 245 245 245 245 245 246 246 246 246 247 247 247 247 246 246 246 246 248 248 248 248 247 247 247 247 247 247 247 247 248 248 248 248 249 249 249 249 248 248 248 248 250 250 250 250 249 249 249 249 249 249 249 249 250 250 250 250 251 251 251 251 250 250 250 250 252 252 252 252 251 251 251 251 251 251 251 251 252 252 252 252 253 253 253 253 252 252 252 252 254 254 254 254 253 253 253 253 253 253 253 253 254 254 254 254 255 255 255 255 254 254 254 254 256 256 256 256 255 255 255 255 255 255 255 255 256 256 256 256 257 257 257 257 256 256 256 256 258 258 258 258 257 257 257 257 257 257 257 257 258 258 258 258 259 259 259 259 258 258 258 258 260 260 260 260 259 259 259 259 259 259 259 259 260 260 260 260 261 261 261 261 260 260 260 260 262 262 262 262 261 261 261 261 261 261 261 261 262 262 262 262 263 263 263 263 262 262 262 262 264 264 264 264 263 263 263 263 263 263 263 263 264 264 264 264 265 265 265 265 264 264 264 264 266 266 266 266 265 265 265 265 265 265 265 265 266 266 266 266 267 267 267 267 266 266 266 266 268 268 268 268 267 267 267 267 267 267 267 267 268 268 268 268 269 269 269 269 </p>
        </triangles>
      </mesh>
    </geometry>
  </library_geometries>
  <library_controllers>
    <controller id="Armature_SkateShoes__SkateShoesMat00-mesh">
      <skin source="#SkateShoes__SkateShoesMat00-mesh">
        <bind_shape_matrix>1 0 0 0 0 1 0 0 0 0 1 0 0 0 0 1</bind_shape_matrix>
        <source id="SkateShoes__SkateShoesMat00-mesh-joint">
          <Name_array id="SkateShoes__SkateShoesMat00-mesh-joint-array" count="4">Upper TopLine Ancle JointRoot</Name_array>
          <technique_common>
            <accessor source="#SkateShoes__SkateShoesMat00-mesh-joint-array" count="4" stride="1">
              <param name="JOINT" type="name" />
            </accessor>
          </technique_common>
        </source>
        <source id="SkateShoes__SkateShoesMat00-mesh-inv_bind_matrix">
          <float_array id="SkateShoes__SkateShoesMat00-mesh-inv_bind_matrix-array" count="64">1 0 0 0 0 1 0 -51.60629 0 0 1 5.55981 0 0 0 1 1 0 0 0 0 1 0 -126.0996 0 0 1 5.55981 0 0 0 1 1 0 0 0 0 1 0 -85.16489 0 0 1 5.55981 0 0 0 1 1 0 0 0 0 1 0 -49.2508 0 0 1 5.55981 0 0 0 1</float_array>
          <technique_common>
            <accessor source="#SkateShoes__SkateShoesMat00-mesh-inv_bind_matrix-array" count="4" stride="16">
              <param name="TRANSFORM" type="float4x4" />
            </accessor>
          </technique_common>
        </source>
        <source id="SkateShoes__SkateShoesMat00-mesh-weight">
          <float_array id="SkateShoes__SkateShoesMat00-mesh-weight-array" count="10">1 0.1019608 0.8980392 0.4980392 0.5019608 0.6980392 0.3019608 0.3019608 0.6980392 0.1019608</float_array>
          <technique_common>
            <accessor source="#SkateShoes__SkateShoesMat00-mesh-weight-array" count="10" stride="1">
              <param name="WEIGHT" type="float" />
            </accessor>
          </technique_common>
        </source>
        <joints>
          <input semantic="JOINT" source="#SkateShoes__SkateShoesMat00-mesh-joint" />
          <input semantic="INV_BIND_MATRIX" source="#SkateShoes__SkateShoesMat00-mesh-inv_bind_matrix" />
        </joints>
        <vertex_weights count="833">
          <input semantic="JOINT" source="#SkateShoes__SkateShoesMat00-mesh-joint" offset="0" />
          <input semantic="WEIGHT" source="#SkateShoes__SkateShoesMat00-mesh-weight" offset="1" />
          <vcount>1 1 1 1 1 1 1 1 1 1 1 1 1 1 1 1 1 1 1 1 1 1 1 1 1 1 1 1 1 1 1 1 1 1 1 1 1 1 1 1 1 1 1 1 1 1 1 1 1 1 1 1 1 1 1 1 1 1 1 1 1 1 1 1 1 1 1 1 1 1 1 1 1 1 1 1 1 1 1 1 1 1 1 1 1 1 1 1 1 1 1 1 1 1 1 1 1 1 1 1 1 1 1 1 1 1 1 1 1 1 1 1 1 1 1 1 1 1 1 1 1 1 1 1 1 1 1 1 1 1 1 1 1 1 1 1 1 1 1 1 1 1 1 1 1 1 1 1 1 1 1 1 1 1 1 1 1 1 1 1 1 1 1 1 1 1 1 1 1 1 1 1 1 1 1 1 1 1 1 1 1 1 1 1 1 1 1 1 1 1 1 1 1 1 1 1 1 1 1 1 1 1 1 1 1 1 1 1 1 1 1 1 1 1 1 1 1 1 1 1 1 1 1 1 1 1 1 1 1 1 1 1 1 1 1 1 1 1 1 1 1 1 1 1 1 1 1 1 1 1 1 1 1 1 1 1 1 1 1 1 1 1 1 1 1 1 1 1 1 1 1 1 1 1 1 1 1 1 1 1 1 2 2 1 2 1 1 1 2 2 1 2 1 1 1 1 1 1 2 2 2 2 1 1 1 1 2 1 1 2 2 1 1 1 1 1 2 1 1 2 2 2 1 1 1 1 1 2 1 1 2 1 1 1 1 2 1 2 1 1 1 1 1 2 2 1 1 1 1 1 1 1 1 1 1 1 1 1 1 2 2 1 1 1 1 1 1 2 2 1 1 1 2 1 2 2 2 2 2 2 1 2 1 2 1 2 1 1 2 2 1 1 1 2 1 2 2 2 1 1 1 2 2 2 2 2 1 2 1 1 1 2 2 2 2 1 1 1 1 2 2 2 2 2 1 1 1 2 2 1 1 1 1 1 1 1 2 2 1 1 1 2 2 2 1 1 1 1 1 2 2 1 1 1 2 2 2 1 1 2 2 2 2 2 1 1 2 1 2 2 2 2 2 2 1 1 1 1 1 1 2 2 2 1 1 1 1 1 2 1 2 2 2 1 1 1 1 1 2 2 1 1 1 1 1 1 1 2 1 1 1 1 1 1 1 1 1 1 1 1 1 1 1 1 1 1 1 1 1 1 1 1 1 1 1 1 1 1 1 1 1 1 1 1 1 1 1 1 1 1 1 1 1 1 1 1 1 1 1 1 1 1 1 1 1 1 2 1 1 1 1 1 2 2 1 1 1 1 1 1 1 1 2 2 1 1 1 1 1 1 1 1 1 2 2 1 1 1 1 1 1 2 2 1 1 1 1 1 1 2 2 1 1 1 1 1 1 1 2 2 1 1 1 1 1 1 1 2 1 1 1 1 1 2 2 1 1 1 1 1 2 2 1 1 1 1 2 2 1 1 1 1 2 2 1 1 1 1 1 1 2 2 1 1 1 1 1 1 1 1 1 1 1 1 1 1 1 1 1 1 1 1 1 1 1 1 1 1 1 1 1 1 1 1 1 1 1 1 1 1 1 1 1 1 1 1 1 1 1 1 1 1 1 1 1 1 1 1 1 1 1 1 1 1 1 1 1 1 1 1 1 1 1 1 1 1 1 1 1 1 1 1 1 1 1 1 1 1 1 1 1 1 1 1 1 1 1 1 1 1 1 1 1 1 1 1 1 1 1 1 1 1 1 1 1 1 1 1 1 1 1 1 1 1 1 1 1 1 1 1 1 1 1 1 1 1 1 1 1 1 1 1 1 1 1 1 1 1 1 1 1 1 1 1 1 1 1 1 1 1 1 1 1 1 1 1 1 1 1 1 1 1 1 </vcount>
          <v>0 0 0 0 0 0 0 0 0 0 0 0 0 0 0 0 0 0 0 0 0 0 1 0 1 0 1 0 1 0 1 0 1 0 1 0 1 0 1 0 1 0 1 0 1 0 1 0 1 0 1 0 1 0 1 0 1 0 1 0 1 0 1 0 1 0 1 0 1 0 1 0 1 0 1 0 1 0 1 0 1 0 1 0 1 0 1 0 1 0 1 0 1 0 1 0 1 0 1 0 1 0 1 0 1 0 1 0 1 0 1 0 1 0 1 0 1 0 1 0 1 0 1 0 1 0 1 0 1 0 1 0 1 0 1 0 1 0 1 0 1 0 1 0 1 0 1 0 1 0 1 0 1 0 1 0 1 0 1 0 1 0 1 0 1 0 1 0 1 0 1 0 1 0 1 0 1 0 1 0 1 0 1 0 1 0 1 0 1 0 1 0 1 0 1 0 1 0 1 0 1 0 1 0 1 0 1 0 1 0 1 0 1 0 1 0 1 0 1 0 1 0 1 0 1 0 1 0 1 0 1 0 1 0 1 0 1 0 1 0 1 0 1 0 1 0 1 0 1 0 1 0 1 0 1 0 1 0 1 0 1 0 1 0 1 0 1 0 1 0 1 0 1 0 1 0 1 0 1 0 1 0 1 0 1 0 1 0 1 0 1 0 1 0 1 0 1 0 1 0 1 0 1 0 1 0 1 0 1 0 1 0 1 0 1 0 1 0 1 0 1 0 1 0 1 0 1 0 1 0 1 0 1 0 1 0 1 0 1 0 1 0 1 0 1 0 1 0 1 0 1 0 1 0 1 0 1 0 1 0 1 0 1 0 1 0 1 0 1 0 1 0 1 0 1 0 1 0 1 0 1 0 1 0 1 0 1 0 1 0 1 0 1 0 1 0 1 0 1 0 1 0 1 0 1 0 1 0 1 0 1 0 1 0 1 0 1 0 1 0 1 0 1 0 1 0 1 0 1 0 1 0 1 0 1 0 1 0 1 0 1 0 1 0 1 0 1 0 1 0 1 0 1 0 1 0 1 0 1 0 1 0 1 0 1 0 1 0 1 0 1 0 1 0 1 0 1 0 1 0 1 0 1 0 1 0 1 0 1 0 1 0 1 0 1 0 1 0 1 0 1 0 1 0 1 0 1 0 1 0 1 0 1 0 1 0 1 0 1 0 1 0 1 0 1 0 1 0 1 0 1 0 1 0 1 0 1 0 1 0 1 0 1 0 1 0 1 0 1 0 1 0 1 0 1 0 1 0 1 0 1 0 0 1 2 2 0 1 2 2 1 0 0 3 2 4 2 0 1 0 2 0 0 1 2 2 0 1 2 2 1 0 0 5 2 6 2 0 2 0 2 0 1 0 2 0 1 0 0 1 2 2 0 5 2 6 0 3 2 4 0 3 2 4 2 0 2 0 1 0 2 0 0 1 2 2 1 0 0 0 0 3 2 4 0 7 2 8 2 0 2 0 1 0 2 0 2 0 0 3 2 4 1 0 2 0 0 3 2 4 0 3 2 4 0 7 2 8 2 0 2 0 2 0 1 0 2 0 0 5 2 6 1 0 2 0 0 7 2 8 2 0 2 0 2 0 1 0 0 3 2 4 2 0 0 5 2 6 1 0 2 0 2 0 2 0 1 0 0 3 2 4 0 3 2 4 2 0 0 0 2 0 2 0 1 0 2 0 2 0 2 0 1 0 2 0 2 0 1 0 2 0 2 0 0 7 2 8 0 7 2 8 2 0 2 0 1 0 2 0 2 0 1 0 0 3 2 4 0 3 2 4 2 0 1 0 2 0 0 7 2 8 2 0 0 5 2 6 0 5 2 6 0 5 2 6 0 7 2 8 0 3 2 4 0 3 2 4 2 0 0 5 2 6 0 0 0 7 2 8 2 0 0 5 2 6 0 0 2 0 0 5 2 6 0 3 2 4 0 0 2 0 2 0 0 5 2 6 0 0 0 3 2 4 0 5 2 6 0 7 2 8 0 0 0 0 2 0 0 3 2 4 0 5 2 6 0 3 2 4 0 3 2 4 0 5 2 6 0 0 0 5 2 6 0 0 2 0 2 0 0 7 2 8 0 3 2 4 0 5 2 6 0 5 2 6 0 0 0 0 2 0 2 0 0 7 2 8 0 3 2 4 0 5 2 6 0 3 2 4 0 3 2 4 0 0 0 0 0 0 0 7 2 8 0 7 2 8 0 0 0 0 0 0 0 0 0 0 0 0 0 0 0 7 2 8 0 7 2 8 0 0 0 0 0 0 0 2 2 9 0 5 2 6 0 5 2 6 2 0 0 0 0 0 0 0 0 0 0 3 2 4 0 5 2 6 2 0 2 0 0 0 0 1 2 2 0 2 2 9 0 5 2 6 2 0 0 0 0 1 2 2 0 2 2 9 0 2 2 9 0 5 2 6 0 1 2 2 0 0 0 0 0 2 2 9 0 0 0 2 2 9 0 2 2 9 0 2 2 9 0 5 2 6 0 2 2 9 0 1 2 2 0 0 0 0 0 0 0 0 0 0 0 0 0 2 2 9 0 2 2 9 0 1 2 2 0 0 0 0 0 0 0 0 0 0 0 2 2 9 0 0 0 5 2 6 0 2 2 9 0 3 2 4 0 0 0 0 0 0 0 0 0 0 0 5 2 6 0 5 2 6 0 0 0 0 0 0 0 0 0 0 0 0 0 0 0 5 2 6 0 0 0 0 0 0 0 0 0 0 0 0 0 0 0 0 0 0 0 0 0 0 0 0 0 0 0 0 0 0 0 0 0 0 0 0 0 0 0 0 0 0 0 0 0 0 0 0 0 0 3 0 3 0 3 0 3 0 3 0 3 0 3 0 3 0 3 0 3 0 3 0 3 0 3 0 3 0 3 0 3 0 3 0 3 0 3 0 3 0 3 0 3 0 3 0 3 0 3 0 3 0 3 0 3 0 3 0 3 0 0 0 0 0 0 0 0 5 2 6 0 0 0 0 0 0 0 0 0 0 0 5 2 6 0 2 2 9 0 0 0 0 0 0 0 0 0 0 0 0 0 0 0 0 0 2 2 9 0 5 2 6 0 0 0 0 0 0 3 0 3 0 0 0 0 0 0 0 0 0 0 2 2 9 0 5 2 6 0 0 3 0 3 0 3 0 0 0 0 0 0 2 2 9 0 5 2 6 3 0 3 0 0 0 3 0 0 0 0 0 0 2 2 9 0 5 2 6 0 0 3 0 3 0 0 0 0 0 0 0 0 0 0 2 2 9 0 5 2 6 0 0 3 0 0 0 3 0 0 0 0 0 0 0 0 5 2 6 0 0 3 0 0 0 3 0 0 0 0 5 2 6 0 2 2 9 3 0 3 0 0 0 0 0 0 0 0 5 2 6 0 2 2 9 0 0 3 0 0 0 0 0 0 5 2 6 0 2 2 9 3 0 0 0 0 0 0 0 0 5 2 6 0 2 2 9 0 0 3 0 0 0 0 0 0 0 0 0 0 5 2 6 0 2 2 9 0 0 0 0 3 0 0 0 0 0 0 0 0 0 0 0 0 0 0 0 0 0 3 0 3 0 0 0 0 0 0 0 0 0 0 0 3 0 0 0 3 0 0 0 0 0 0 0 0 0 0 0 0 0 3 0 0 0 0 0 0 0 0 0 0 0 0 0 0 0 0 0 0 0 0 0 0 0 0 0 0 0 0 0 0 0 0 0 3 0 3 0 3 0 0 0 0 0 3 0 3 0 3 0 3 0 3 0 3 0 3 0 3 0 3 0 3 0 3 0 3 0 3 0 3 0 3 0 3 0 3 0 3 0 3 0 3 0 3 0 3 0 3 0 3 0 3 0 3 0 3 0 3 0 3 0 3 0 3 0 3 0 3 0 3 0 3 0 3 0 3 0 3 0 3 0 3 0 3 0 3 0 3 0 3 0 3 0 3 0 3 0 3 0 3 0 3 0 3 0 3 0 3 0 3 0 3 0 3 0 3 0 3 0 3 0 3 0 3 0 3 0 3 0 3 0 3 0 3 0 3 0 3 0 3 0 3 0 3 0 3 0 3 0 3 0 3 0 3 0 3 0 3 0 3 0 3 0 3 0 3 0 3 0 3 0 3 0 3 0 3 0 3 0 3 0 3 0 3 0 3 0 3 0 3 0 3 0 3 0 3 0 3 0 3 0 3 0 3 0 3 0 3 0 3 0 3 0 3 0 3 0 3 0 3 0 3 0 3 0 3 0 3 0 3 0 3 0 3 0 3 0 3 0 3 0 3 0 3 0 3 0 </v>
        </vertex_weights>
      </skin>
    </controller>
    <controller id="Armature_SkateShoes__SkateShoesMat01-mesh">
      <skin source="#SkateShoes__SkateShoesMat01-mesh">
        <bind_shape_matrix>1 0 0 0 0 1 0 0 0 0 1 0 0 0 0 1</bind_shape_matrix>
        <source id="SkateShoes__SkateShoesMat01-mesh-joint">
          <Name_array id="SkateShoes__SkateShoesMat01-mesh-joint-array" count="1">JointRoot</Name_array>
          <technique_common>
            <accessor source="#SkateShoes__SkateShoesMat01-mesh-joint-array" count="1" stride="1">
              <param name="JOINT" type="name" />
            </accessor>
          </technique_common>
        </source>
        <source id="SkateShoes__SkateShoesMat01-mesh-inv_bind_matrix">
          <float_array id="SkateShoes__SkateShoesMat01-mesh-inv_bind_matrix-array" count="16">1 0 0 0 0 1 0 -49.2508 0 0 1 5.55981 0 0 0 1</float_array>
          <technique_common>
            <accessor source="#SkateShoes__SkateShoesMat01-mesh-inv_bind_matrix-array" count="1" stride="16">
              <param name="TRANSFORM" type="float4x4" />
            </accessor>
          </technique_common>
        </source>
        <source id="SkateShoes__SkateShoesMat01-mesh-weight">
          <float_array id="SkateShoes__SkateShoesMat01-mesh-weight-array" count="1">1</float_array>
          <technique_common>
            <accessor source="#SkateShoes__SkateShoesMat01-mesh-weight-array" count="1" stride="1">
              <param name="WEIGHT" type="float" />
            </accessor>
          </technique_common>
        </source>
        <joints>
          <input semantic="JOINT" source="#SkateShoes__SkateShoesMat01-mesh-joint" />
          <input semantic="INV_BIND_MATRIX" source="#SkateShoes__SkateShoesMat01-mesh-inv_bind_matrix" />
        </joints>
        <vertex_weights count="270">
          <input semantic="JOINT" source="#SkateShoes__SkateShoesMat01-mesh-joint" offset="0" />
          <input semantic="WEIGHT" source="#SkateShoes__SkateShoesMat01-mesh-weight" offset="1" />
          <vcount>1 1 1 1 1 1 1 1 1 1 1 1 1 1 1 1 1 1 1 1 1 1 1 1 1 1 1 1 1 1 1 1 1 1 1 1 1 1 1 1 1 1 1 1 1 1 1 1 1 1 1 1 1 1 1 1 1 1 1 1 1 1 1 1 1 1 1 1 1 1 1 1 1 1 1 1 1 1 1 1 1 1 1 1 1 1 1 1 1 1 1 1 1 1 1 1 1 1 1 1 1 1 1 1 1 1 1 1 1 1 1 1 1 1 1 1 1 1 1 1 1 1 1 1 1 1 1 1 1 1 1 1 1 1 1 1 1 1 1 1 1 1 1 1 1 1 1 1 1 1 1 1 1 1 1 1 1 1 1 1 1 1 1 1 1 1 1 1 1 1 1 1 1 1 1 1 1 1 1 1 1 1 1 1 1 1 1 1 1 1 1 1 1 1 1 1 1 1 1 1 1 1 1 1 1 1 1 1 1 1 1 1 1 1 1 1 1 1 1 1 1 1 1 1 1 1 1 1 1 1 1 1 1 1 1 1 1 1 1 1 1 1 1 1 1 1 1 1 1 1 1 1 1 1 1 1 1 1 1 1 1 1 1 1 1 1 1 1 1 1 </vcount>
          <v>0 0 0 0 0 0 0 0 0 0 0 0 0 0 0 0 0 0 0 0 0 0 0 0 0 0 0 0 0 0 0 0 0 0 0 0 0 0 0 0 0 0 0 0 0 0 0 0 0 0 0 0 0 0 0 0 0 0 0 0 0 0 0 0 0 0 0 0 0 0 0 0 0 0 0 0 0 0 0 0 0 0 0 0 0 0 0 0 0 0 0 0 0 0 0 0 0 0 0 0 0 0 0 0 0 0 0 0 0 0 0 0 0 0 0 0 0 0 0 0 0 0 0 0 0 0 0 0 0 0 0 0 0 0 0 0 0 0 0 0 0 0 0 0 0 0 0 0 0 0 0 0 0 0 0 0 0 0 0 0 0 0 0 0 0 0 0 0 0 0 0 0 0 0 0 0 0 0 0 0 0 0 0 0 0 0 0 0 0 0 0 0 0 0 0 0 0 0 0 0 0 0 0 0 0 0 0 0 0 0 0 0 0 0 0 0 0 0 0 0 0 0 0 0 0 0 0 0 0 0 0 0 0 0 0 0 0 0 0 0 0 0 0 0 0 0 0 0 0 0 0 0 0 0 0 0 0 0 0 0 0 0 0 0 0 0 0 0 0 0 0 0 0 0 0 0 0 0 0 0 0 0 0 0 0 0 0 0 0 0 0 0 0 0 0 0 0 0 0 0 0 0 0 0 0 0 0 0 0 0 0 0 0 0 0 0 0 0 0 0 0 0 0 0 0 0 0 0 0 0 0 0 0 0 0 0 0 0 0 0 0 0 0 0 0 0 0 0 0 0 0 0 0 0 0 0 0 0 0 0 0 0 0 0 0 0 0 0 0 0 0 0 0 0 0 0 0 0 0 0 0 0 0 0 0 0 0 0 0 0 0 0 0 0 0 0 0 0 0 0 0 0 0 0 0 0 0 0 0 0 0 0 0 0 0 0 0 0 0 0 0 0 0 0 0 0 0 0 0 0 0 0 0 0 0 0 0 0 0 0 0 0 0 0 0 0 0 0 0 0 0 0 0 0 0 0 0 0 0 0 0 0 0 0 0 0 0 0 0 0 0 0 0 0 0 0 0 0 0 0 0 0 0 0 0 0 0 0 0 0 0 0 0 0 0 0 0 0 0 0 0 0 0 0 0 0 0 0 0 0 0 0 0 0 0 0 0 0 0 0 0 0 0 0 0 0 0 0 0 0 0 0 0 0 0 0 0 0 0 0 </v>
        </vertex_weights>
      </skin>
    </controller>
  </library_controllers>
  <library_visual_scenes>
    <visual_scene id="Scene" name="Scene">
      <node id="Armature" name="Armature" type="NODE">
        <matrix sid="transform">1 0 0 0 0 1 0 0 0 0 1 0 0 0 0 1</matrix>
        <node id="Armature_AllRoot" name="AllRoot" sid="AllRoot" type="JOINT">
          <matrix sid="transform">1 0 0 0 0 1 0 0 0 0 1 0 0 0 0 1</matrix>
          <node id="Armature_Body" name="Body" sid="Body" type="JOINT">
            <matrix sid="transform">1 0 0 0 0 1 0 0 0 0 1 0 0 0 0 1</matrix>
          </node>
          <node id="Armature_JointRoot" name="JointRoot" sid="JointRoot" type="JOINT">
            <matrix sid="transform">1 0 0 0 0 1 0 49.2508 0 0 1 -5.55981 0 0 0 1</matrix>
            <node id="Armature_Upper" name="Upper" sid="Upper" type="JOINT">
              <matrix sid="transform">1 0 0 0 0 1 0 2.35549 0 0 1 0 0 0 0 1</matrix>
              <node id="Armature_Ancle" name="Ancle" sid="Ancle" type="JOINT">
                <matrix sid="transform">1 0 0 0 0 1 0 33.5586 0 0 1 0 0 0 0 1</matrix>
                <node id="Armature_TopLine" name="TopLine" sid="TopLine" type="JOINT">
                  <matrix sid="transform">1 0 0 0 0 1 0 40.9347 0 0 1 0 0 0 0 1</matrix>
                </node>
              </node>
            </node>
          </node>
        </node>
      </node>
      <node id="SkateShoes__SkateShoesMat00" name="SkateShoes__SkateShoesMat00" type="NODE">
        <instance_controller url="#Armature_SkateShoes__SkateShoesMat00-mesh">
          <skeleton>#Armature_AllRoot</skeleton>
          <bind_material>
            <technique_common>
              <instance_material symbol="SkateShoesMat00" target="#SkateShoesMat00" />
              <bind_vertex_input semantic="CHANNEL0" input_semantic="TEXCOORD" input_set="0" />
              <bind_vertex_input semantic="CHANNEL1" input_semantic="TEXCOORD" input_set="1" />
              <bind_vertex_input semantic="CHANNEL2" input_semantic="TEXCOORD" input_set="2" />
            </technique_common>
          </bind_material>
        </instance_controller>
      </node>
      <node id="SkateShoes__SkateShoesMat01" name="SkateShoes__SkateShoesMat01" type="NODE">
        <instance_controller url="#Armature_SkateShoes__SkateShoesMat01-mesh">
          <skeleton>#Armature_AllRoot</skeleton>
          <bind_material>
            <technique_common>
              <instance_material symbol="SkateShoesMat01" target="#SkateShoesMat01" />
              <bind_vertex_input semantic="CHANNEL0" input_semantic="TEXCOORD" input_set="0" />
              <bind_vertex_input semantic="CHANNEL1" input_semantic="TEXCOORD" input_set="1" />
              <bind_vertex_input semantic="CHANNEL2" input_semantic="TEXCOORD" input_set="2" />
            </technique_common>
          </bind_material>
        </instance_controller>
      </node>
    </visual_scene>
  </library_visual_scenes>
  <scene>
    <instance_visual_scene url="#Scene" />
  </scene>
</COLLADA>